OCID,CONTRACT_TITLE,CONTRACT_TYPE,PROCUREMENT_METHOD,BUYER_NAME,SUPPLIER_NAMES,CONTRACT_START_DATE,CONTRACT_END_DATE,CONTRACT_AMOUNT,CONTRACT_CURRENCY
1,Santa Elena 7 (227239),Activo,Explotación minera,Secretaría de Economía,Nusantara de Mexico SA de CV,2019,2024,1868.3444,Hectáreas
2,Elena 5 (221460),Activo,Explotación minera,Secretaría de Economía,Nusantara de Mexico SA de CV,2019,2024,399.8659,Hectáreas
3,Santa Elena No 3 Fraccion Sw (180494),Activo,Explotación minera,Secretaría de Economía,Nusantara de Mexico SA de CV,2019,2024,0.6416,Hectáreas
4,Santa Elena (192174),Activo,Explotación minera,Secretaría de Economía,Nusantara de Mexico SA de CV,2019,2024,24.1864,Hectáreas
5,California (176544),Activo,Explotación minera,Secretaría de Economía,Nusantara de Mexico SA de CV,2019,2024,18,Hectáreas
6,Santa Elena No 4 (178094),Activo,Explotación minera,Secretaría de Economía,Nusantara de Mexico SA de CV,2019,2024,0.0636,Hectáreas
7,Elena 6 (223533),Activo,Explotación minera,Secretaría de Economía,Nusantara de Mexico SA de CV,2019,2024,416.0166,Hectáreas
8,Reforma 1 (230384),Activo,Explotación minera,Secretaría de Economía,Minera Maria SA de CV ,2008,2024,499.9578,Hectáreas
9,Reforma 2 (230385),Activo,Explotación minera,Secretaría de Economía,Minera Maria SA de CV ,2008,2024,24.9774,Hectáreas
10,Reforma 3 (230389),Activo,Explotación minera,Secretaría de Economía,Minera Maria SA de CV ,2008,2024,14.1326,Hectáreas
11,Reforma 4 (230390),Activo,Explotación minera,Secretaría de Economía,Minera Maria SA de CV ,2008,2024,0.158,Hectáreas
12,Zircon 27 (222881),Activo,Explotación minera,Secretaría de Economía,Minera Maria SA de CV ,2008,2024,84.471,Hectáreas
13,Zircon 28 (222882),Activo,Explotación minera,Secretaría de Economía,Minera Maria SA de CV ,2008,2024,15.7687,Hectáreas
14,Maria 29 (219347),Activo,Explotación minera,Secretaría de Economía,Minera Maria SA de CV ,2008,2024,200,Hectáreas
15,Maria 26 (219213),Activo,Explotación minera,Secretaría de Economía,Minera Maria SA de CV ,2008,2024,139.0974,Hectáreas
16,Zircon 24 (218381),Activo,Explotación minera,Secretaría de Economía,Minera Maria SA de CV ,2008,2024,150.5361,Hectáreas
17,Maria 33 (200033),Activo,Explotación minera,Secretaría de Economía,Minera Maria SA de CV ,2008,2024,200,Hectáreas
18,Zircon 11 (201989),Activo,Explotación minera,Secretaría de Economía,Minera Maria SA de CV ,2008,2024,305.1218,Hectáreas
19,Zircon 18 (201991),Activo,Explotación minera,Secretaría de Economía,Minera Maria SA de CV ,2008,2024,207.6291,Hectáreas
20,Zircon 22 (201992),Activo,Explotación minera,Secretaría de Economía,Minera Maria SA de CV ,2008,2024,190.5436,Hectáreas
21,Zircon 23 (201993),Activo,Explotación minera,Secretaría de Economía,Minera Maria SA de CV ,2008,2024,219.5797,Hectáreas
22,Maria 10 (200039),Activo,Explotación minera,Secretaría de Economía,Minera Maria SA de CV ,2008,2024,200,Hectáreas
23,Maria 9 (201994),Activo,Explotación minera,Secretaría de Economía,Minera Maria SA de CV ,2008,2024,198,Hectáreas
24,Zircon 10 (202127),Activo,Explotación minera,Secretaría de Economía,Minera Maria SA de CV ,2008,2024,363.7769,Hectáreas
25,Maria 32 (200037),Activo,Explotación minera,Secretaría de Economía,Minera Maria SA de CV ,2008,2024,200,Hectáreas
26,Zircon 17 (202777),Activo,Explotación minera,Secretaría de Economía,Minera Maria SA de CV ,2008,2024,1622.4069,Hectáreas
27,Unificacion La Verde (214977),Activo,Explotación minera,Secretaría de Economía,Minera Maria SA de CV ,2008,2024,5014.2093,Hectáreas
28,Yegua U (245729),Activo,Explotación minera,Secretaría de Economía,Minera Maria SA de CV ,2008,2024,3469.4768,Hectáreas
29,Toro U (245792),Activo,Explotación minera,Secretaría de Economía,Minera Maria SA de CV ,2008,2024,2323.1978,Hectáreas
30,Caracol (219127),Activo,Explotación minera,Secretaría de Economía,Buenavista del Cobre SA de CV,2011,2024,724.5601,Hectáreas
31,Sonora 38 (212350),Activo,Explotación minera,Secretaría de Economía,Buenavista del Cobre SA de CV,2011,2024,250.607,Hectáreas
32,Maria 54 (232231),Activo,Explotación minera,Secretaría de Economía,Buenavista del Cobre SA de CV,2011,2024,1.4035,Hectáreas
33,El Caracol Fracc I (220488),Activo,Explotación minera,Secretaría de Economía,Buenavista del Cobre SA de CV,2011,2024,83.8811,Hectáreas
34,Mina Irma (218464),Activo,Explotación minera,Secretaría de Economía,Buenavista del Cobre SA de CV,2011,2024,18.5964,Hectáreas
35,Fraccion III Maria 46-1 (211244),Activo,Explotación minera,Secretaría de Economía,Buenavista del Cobre SA de CV,2011,2024,1523.4258,Hectáreas
36,Cananea VIII (184668),Activo,Explotación minera,Secretaría de Economía,Buenavista del Cobre SA de CV,2011,2024,480,Hectáreas
37,La Primavera (225085),Activo,Explotación minera,Secretaría de Economía,Buenavista del Cobre SA de CV,2012,2024,28.6628,Hectáreas
38,El Jaralito Fracc  II (218445),Activo,Explotación minera,Secretaría de Economía,Buenavista del Cobre SA de CV,2012,2024,61.149,Hectáreas
39,Cananea XI (184671),Activo,Explotación minera,Secretaría de Economía,Buenavista del Cobre SA de CV,2012,2024,453.0342,Hectáreas
40,El Premio 2 Fracc II (225591),Activo,Explotación minera,Secretaría de Economía,Buenavista del Cobre SA de CV,2012,2024,1.5898,Hectáreas
41,Elenita (201939),Activo,Explotación minera,Secretaría de Economía,Buenavista del Cobre SA de CV,2012,2024,5892.4565,Hectáreas
42,Cananea VI (184666),Activo,Explotación minera,Secretaría de Economía,Buenavista del Cobre SA de CV,2012,2024,479.0156,Hectáreas
43,Fraccion II Maria 46-1 Fraccion I (208535),Activo,Explotación minera,Secretaría de Economía,Buenavista del Cobre SA de CV,2012,2024,354.5212,Hectáreas
44,Troya No 2 (217656),Activo,Explotación minera,Secretaría de Economía,Buenavista del Cobre SA de CV,2012,2024,350,Hectáreas
45,Cananea IX (184669),Activo,Explotación minera,Secretaría de Economía,Buenavista del Cobre SA de CV,2012,2024,480,Hectáreas
46,Cananea X (184670),Activo,Explotación minera,Secretaría de Economía,Buenavista del Cobre SA de CV,2012,2024,480,Hectáreas
47,El Premio 2 Fracc I (216319),Activo,Explotación minera,Secretaría de Economía,Buenavista del Cobre SA de CV,2012,2024,7.2968,Hectáreas
48,Troya 3 (239316),Activo,Explotación minera,Secretaría de Economía,Buenavista del Cobre SA de CV,2012,2024,112.2695,Hectáreas
49,Argonauta 5 Fraccion I (236193),Activo,Exploración minera,Secretaría de Economía,Paget Southern Resources S de RL de CV,2012,2024,56298.1556,Hectáreas
50,Catalina (201037),Activo,Explotación minera,Secretaría de Economía,Buenavista del Cobre SA de CV,2012,2024,1439.2794,Hectáreas
51,Lucy Fraccion I (209977),Activo,Exploración minera,Secretaría de Economía,Minera Maria SA de CV ,2012,2024,98,Hectáreas
52,Lucy I Fraccion I (209979),Activo,Exploración minera,Secretaría de Economía,Minera Maria SA de CV ,2012,2024,66,Hectáreas
53,Fraccion II Maria 46-1 Fraccion II (208536),Activo,Explotación minera,Secretaría de Economía,Buenavista del Cobre SA de CV,2013,2024,5.5243,Hectáreas
54,Maria 55 (232232),Activo,Explotación minera,Secretaría de Economía,Buenavista del Cobre SA de CV,2013,2024,20,Hectáreas
55,El Salto (214442),Activo,Explotación minera,Secretaría de Economía,Buenavista del Cobre SA de CV,2013,2024,483.3333,Hectáreas
56,Kino 10 (166317),Activo,Explotación minera,Secretaría de Economía,Buenavista del Cobre SA de CV,2013,2024,100,Hectáreas
57,Fraccion I Maria 46-1 (208534),Activo,Explotación minera,Secretaría de Economía,Buenavista del Cobre SA de CV,2013,2024,195,Hectáreas
58,Kino 4 (166314),Activo,Explotación minera,Secretaría de Economía,Buenavista del Cobre SA de CV,2013,2024,100,Hectáreas
59,Kino 8 (166315),Activo,Explotación minera,Secretaría de Economía,Buenavista del Cobre SA de CV,2013,2024,100,Hectáreas
60,Kino 11 (166318),Activo,Explotación minera,Secretaría de Economía,Buenavista del Cobre SA de CV,2013,2024,100,Hectáreas
61,Kino No 15 (166365),Activo,Explotación minera,Secretaría de Economía,Buenavista del Cobre SA de CV,2013,2024,100,Hectáreas
62,Kino 16 (166367),Activo,Explotación minera,Secretaría de Economía,Buenavista del Cobre SA de CV,2013,2024,100,Hectáreas
63,Azul 2 (240530),Activo,Explotación minera,Secretaría de Economía,Buenavista del Cobre SA de CV,2013,2024,396.3971,Hectáreas
64,Maria 47 Red Alacran (243801),Activo,Explotación minera,Secretaría de Economía,Buenavista del Cobre SA de CV,2013,2024,2400.8074,Hectáreas
65,Maria 47 Div1 Alacran (243894),Activo,Explotación minera,Secretaría de Economía,Buenavista del Cobre SA de CV,2013,2024,3698.2773,Hectáreas
66,Maria 47 Div1 F-2 (243895),Activo,Explotación minera,Secretaría de Economía,Buenavista del Cobre SA de CV,2013,2024,3070.7712,Hectáreas
67,Cinco (224092),Activo,Depósito o disposición de material,Secretaría de Economía,Buenavista del Cobre SA de CV,2013,2024,1027,Hectáreas
68,La Presa Fraccion I (222923),Activo,Depósito o disposición de material,Secretaría de Economía,Buenavista del Cobre SA de CV,2013,2024,479.0763,Hectáreas
69,La Presa Fraccion II (225543),Activo,Explotación minera,Secretaría de Economía,Buenavista del Cobre SA de CV,2013,2024,721.3182,Hectáreas
70,Maria 49 (223839),Activo,Explotación minera,Secretaría de Economía,Buenavista del Cobre SA de CV,2013,2024,281.1614,Hectáreas
71,Salsipuedes (239339),Activo,Explotación minera,Secretaría de Economía,Buenavista del Cobre SA de CV,2013,2024,1468.0934,Hectáreas
72,Troya No 4 (212913),Activo,Explotación minera,Secretaría de Economía,Buenavista del Cobre SA de CV,2014,2024,28,Hectáreas
73,Cananea IV (184664),Activo,Explotación minera,Secretaría de Economía,Buenavista del Cobre SA de CV,2014,2024,416.0456,Hectáreas
74,Cananea V (184665),Activo,Explotación minera,Secretaría de Economía,Buenavista del Cobre SA de CV,2014,2024,449.3518,Hectáreas
75,Cananea II (184662),Activo,Exploración minera,Secretaría de Economía,Buenavista del Cobre SA de CV,2014,2024,302.6564,Hectáreas
76,Cananea III (184663),Activo,Exploración minera,Secretaría de Economía,Buenavista del Cobre SA de CV,2014,2024,475.1443,Hectáreas
77,Cananea (184661),Activo,Exploración minera,Secretaría de Economía,Buenavista del Cobre SA de CV,2014,2024,463.1361,Hectáreas
78,Cobre Rico (225545),Activo,Explotación minera,Secretaría de Economía,Buenavista del Cobre SA de CV,2014,2024,12.1718,Hectáreas
79,Cananea (231469),Activo,Explotación minera,Secretaría de Economía,Buenavista del Cobre SA de CV,2015,2024,4729.2345,Hectáreas
80,El Jaralito Fracc  I (218444),Activo,Explotación minera,Secretaría de Economía,Buenavista del Cobre SA de CV,2015,2024,3443.9369,Hectáreas
81,Santa Isabel (225544),Activo,Explotación minera,Secretaría de Economía,Buenavista del Cobre SA de CV,2015,2024,250,Hectáreas
82,Azul (240555),Activo,Explotación minera,Secretaría de Economía,Buenavista del Cobre SA de CV,2015,2024,16667.4646,Hectáreas
83,El Sol (224992),Activo,Exploración minera,Secretaría de Economía,Riverside Resources Mexico SA de CV,2016,2024,98.7198,Hectáreas
84,Teo (244811),Activo,Exploración minera,Secretaría de Economía,Riverside Resources Mexico SA de CV,2016,2024,11129.2368,Hectáreas
85,Eunice (245407),Activo,Exploración minera,Secretaría de Economía,Riverside Resources Mexico SA de CV,2016,2024,100,Hectáreas
86,Eunice (245929),Activo,Exploración minera,Secretaría de Economía,Riverside Resources Mexico SA de CV,2016,2024,100,Hectáreas
87,La Fortuna (230780),Activo,Exploración minera,Secretaría de Economía,Recursos Millrock S de RL de CV,2016,2024,1399.9386,Hectáreas
88,La Macha (216496),Activo,Exploración minera,Secretaría de Economía,Recursos Millrock S de RL de CV,2016,2024,23.0209,Hectáreas
89,El Macho (212974),Activo,Exploración minera,Secretaría de Economía,Recursos Millrock S de RL de CV,2016,2024,265.6558,Hectáreas
90,La Cubana (212430),Activo,Exploración minera,Secretaría de Economía,Recursos Millrock S de RL de CV,2016,2024,12,Hectáreas
91,Mexicana (237381),Activo,Exploración minera,Secretaría de Economía,Recursos Millrock S de RL de CV,2016,2024,14.7922,Hectáreas
92,Sota (237785),Activo,Exploración minera,Secretaría de Economía,Recursos Millrock S de RL de CV,2016,2024,2952,Hectáreas
93,Los Cuarentas Fracc II Este (244227),Activo,Exploración minera,Secretaría de Economía,Recursos Millrock S de RL de CV,2016,2024,4628.5229,Hectáreas
94,Los Cuarentas Fracc III Este (244228),Activo,Exploración minera,Secretaría de Economía,Recursos Millrock S de RL de CV,2016,2024,1197.8156,Hectáreas
95,Los Cuarentas Fracc I Oeste (244229),Activo,Exploración minera,Secretaría de Economía,Recursos Millrock S de RL de CV,2016,2024,4551.921,Hectáreas
96,Los Cuarentas Fracc II Oeste (244230),Activo,Exploración minera,Secretaría de Economía,Recursos Millrock S de RL de CV,2016,2024,4529.5478,Hectáreas
97,El Ermitaðo 1 (230421),Activo,Exploración minera,Secretaría de Economía,Nusantara de Mexico SA de CV,2017,2024,12267.5516,Hectáreas
98,Compuerta (243446),Activo,Exploración minera,Secretaría de Economía,Nusantara de Mexico SA de CV,2017,2024,19621.2525,Hectáreas
99,Mark 3 (232855),Activo,Exploración minera,Secretaría de Economía,Nusantara de Mexico SA de CV,2017,2024,169,Hectáreas
100,El Apuro (228838),Activo,Exploración minera,Secretaría de Economía,Nusantara de Mexico SA de CV,2017,2024,16721.4582,Hectáreas
101,Kino 2 (166313),Activo,Exploración minera,Secretaría de Economía,Minera Teck SA de CV,2017,2024,100,Hectáreas
102,Kino 9 (166316),Activo,Exploración minera,Secretaría de Economía,Minera Teck SA de CV,2017,2024,100,Hectáreas
103,Hidalgo No 3 (166368),Activo,Exploración minera,Secretaría de Economía,Minera Teck SA de CV,2017,2024,99,Hectáreas
104,Hidalgo No 2 (166369),Activo,Exploración minera,Secretaría de Economía,Minera Teck SA de CV,2017,2024,99,Hectáreas
105,Hidalgo No 8 (166372),Activo,Exploración minera,Secretaría de Economía,Minera Teck SA de CV,2017,2024,99,Hectáreas
106,Hidalgo No 7 (166373),Activo,Exploración minera,Secretaría de Economía,Minera Teck SA de CV,2017,2024,99,Hectáreas
107,San Simon (166376),Activo,Exploración minera,Secretaría de Economía,Minera Teck SA de CV,2017,2024,100,Hectáreas
108,San Simon No 2 (166377),Activo,Exploración minera,Secretaría de Economía,Minera Teck SA de CV,2017,2024,100,Hectáreas
109,Kino 3 (166312),Activo,Exploración minera,Secretaría de Economía,Minera Teck SA de CV,2017,2024,100,Hectáreas
110,Batman (217058),Activo,Exploración minera,Secretaría de Economía,Recursos Millrock S de RL de CV,2017,2024,429,Hectáreas
111,Purica Fracc 1 (213685),Activo,Exploración minera,Secretaría de Economía,Recursos Millrock S de RL de CV,2017,2024,7503.7062,Hectáreas
112,Purica Fracc 3 (213687),Activo,Exploración minera,Secretaría de Economía,Recursos Millrock S de RL de CV,2017,2024,1.3357,Hectáreas
113,La Higuerita 7 (236434),Activo,Exploración minera,Secretaría de Economía,Recursos Millrock S de RL de CV,2017,2024,5166.9426,Hectáreas
114,La Higuerita 8 (238161),Activo,Exploración minera,Secretaría de Economía,Recursos Millrock S de RL de CV,2017,2024,622.9737,Hectáreas
115,Nueva Reduccian La Higuerita Fracc 1 (244032),Activo,Exploración minera,Secretaría de Economía,Recursos Millrock S de RL de CV,2017,2024,27494.1797,Hectáreas
116,Rio Sonora 8 (244053),Activo,Exploración minera,Secretaría de Economía,Recursos Millrock S de RL de CV,2017,2024,3317.4338,Hectáreas
117,Sin Nombre (206023),Activo,Exploración minera,Secretaría de Economía,Coanzamex Servicios SA de CV,2018,2024,17,Hectáreas
118,Patricia (206172),Activo,Exploración minera,Secretaría de Economía,Coanzamex Servicios SA de CV,2018,2024,14,Hectáreas
119,Chuqui 4 Fracc B (230037),Activo,Exploración minera,Secretaría de Economía,Coanzamex Servicios SA de CV,2018,2024,40,Hectáreas
120,Fraccion 4 Agua Blanca I (219219),Activo,Exploración minera,Secretaría de Economía,Coanzamex Servicios SA de CV,2018,2024,100,Hectáreas
121,El Tascalito (216066),Activo,Exploración minera,Secretaría de Economía,Coanzamex Servicios SA de CV,2018,2024,24,Hectáreas
122,Fracc 7 Agua Blanca I (202598),Activo,Exploración minera,Secretaría de Economía,Coanzamex Servicios SA de CV,2018,2024,459,Hectáreas
123,Fracc 8 Agua Blanca I (202879),Activo,Exploración minera,Secretaría de Economía,Coanzamex Servicios SA de CV,2018,2024,495,Hectáreas
124,Amelia No 5 (211857),Activo,Exploración minera,Secretaría de Economía,Coanzamex Servicios SA de CV,2018,2024,9.2459,Hectáreas
125,Fracc 10 Agua Blanca I (202600),Activo,Exploración minera,Secretaría de Economía,Coanzamex Servicios SA de CV,2018,2024,229.9457,Hectáreas
126,Los Chulos (206405),Activo,Exploración minera,Secretaría de Economía,Coanzamex Servicios SA de CV,2018,2024,6.2808,Hectáreas
127,Fracc 12 Agua Blanca I (202601),Activo,Exploración minera,Secretaría de Economía,Coanzamex Servicios SA de CV,2018,2024,450,Hectáreas
128,Fracc 11 Agua Blanca 1 (202878),Activo,Exploración minera,Secretaría de Economía,Coanzamex Servicios SA de CV,2018,2024,350,Hectáreas
129,Pedrito (206024),Activo,Exploración minera,Secretaría de Economía,Coanzamex Servicios SA de CV,2018,2024,16.6118,Hectáreas
130,Don Enrique (206189),Activo,Exploración minera,Secretaría de Economía,Coanzamex Servicios SA de CV,2018,2024,42,Hectáreas
131,El Pinito I (214804),Activo,Exploración minera,Secretaría de Economía,Coanzamex Servicios SA de CV,2018,2024,828,Hectáreas
132,Santa Teresa (185882),Activo,Exploración minera,Secretaría de Economía,Coanzamex Servicios SA de CV,2018,2024,297.342,Hectáreas
133,Cosahui I Fraccion Sur (191231),Activo,Exploración minera,Secretaría de Economía,Coanzamex Servicios SA de CV,2018,2024,393.1968,Hectáreas
134,Carmen (179846),Activo,Exploración minera,Secretaría de Economía,Coanzamex Servicios SA de CV,2018,2024,40,Hectáreas
135,Los Manueles (195368),Activo,Exploración minera,Secretaría de Economía,Coanzamex Servicios SA de CV,2018,2024,14,Hectáreas
136,Agua Blanca (185587),Activo,Exploración minera,Secretaría de Economía,Coanzamex Servicios SA de CV,2018,2024,492.4498,Hectáreas
137,La Peque (191734),Activo,Exploración minera,Secretaría de Economía,Coanzamex Servicios SA de CV,2018,2024,9.3864,Hectáreas
138,La Peque I (195805),Activo,Exploración minera,Secretaría de Economía,Coanzamex Servicios SA de CV,2018,2024,7.4929,Hectáreas
139,San Ignacio (179845),Activo,Exploración minera,Secretaría de Economía,Coanzamex Servicios SA de CV,2018,2024,10,Hectáreas
140,Espiritu (190582),Activo,Exploración minera,Secretaría de Economía,Coanzamex Servicios SA de CV,2018,2024,14.5196,Hectáreas
141,Santa Gertrudis (190480),Activo,Exploración minera,Secretaría de Economía,Coanzamex Servicios SA de CV,2018,2024,42,Hectáreas
142,Amelia No 8 Fraccion I (196284),Activo,Exploración minera,Secretaría de Economía,Coanzamex Servicios SA de CV,2018,2024,433.5921,Hectáreas
143,Cosahui (191262),Activo,Exploración minera,Secretaría de Economía,Coanzamex Servicios SA de CV,2018,2024,347.34,Hectáreas
144,Amelia (179904),Activo,Exploración minera,Secretaría de Economía,Coanzamex Servicios SA de CV,2018,2024,25.2679,Hectáreas
145,Ofelia (182549),Activo,Exploración minera,Secretaría de Economía,Coanzamex Servicios SA de CV,2018,2024,23.2195,Hectáreas
146,Agua Blanca Fraccion X (185584),Activo,Exploración minera,Secretaría de Economía,Coanzamex Servicios SA de CV,2018,2024,430.5168,Hectáreas
147,Amelia No 2 (190583),Activo,Exploración minera,Secretaría de Economía,Coanzamex Servicios SA de CV,2018,2024,35,Hectáreas
148,Amelia No 7 Fraccion I (190759),Activo,Exploración minera,Secretaría de Economía,Coanzamex Servicios SA de CV,2018,2024,480,Hectáreas
149,Amelia No 7 (191693),Activo,Exploración minera,Secretaría de Economía,Coanzamex Servicios SA de CV,2018,2024,496.3388,Hectáreas
150,Amelia No 4 (191724),Activo,Exploración minera,Secretaría de Economía,Coanzamex Servicios SA de CV,2018,2024,29.5026,Hectáreas
151,Amelia No 3 (191725),Activo,Exploración minera,Secretaría de Economía,Coanzamex Servicios SA de CV,2018,2024,22.0952,Hectáreas
152,Maribel (185883),Activo,Exploración minera,Secretaría de Economía,Coanzamex Servicios SA de CV,2018,2024,20,Hectáreas
153,El Aguaje (191900),Activo,Exploración minera,Secretaría de Economía,Coanzamex Servicios SA de CV,2018,2024,12,Hectáreas
154,Chuqui 1 (226284),Activo,Exploración minera,Secretaría de Economía,Coanzamex Servicios SA de CV,2018,2024,286.6572,Hectáreas
155,Fabiola (221737),Activo,Exploración minera,Secretaría de Economía,Coanzamex Servicios SA de CV,2018,2024,272,Hectáreas
156,Alce (220541),Activo,Exploración minera,Secretaría de Economía,Coanzamex Servicios SA de CV,2018,2024,118.0496,Hectáreas
157,San Francisco (219095),Activo,Exploración minera,Secretaría de Economía,Coanzamex Servicios SA de CV,2018,2024,16.8406,Hectáreas
158,Ericka (219096),Activo,Exploración minera,Secretaría de Economía,Coanzamex Servicios SA de CV,2018,2024,140,Hectáreas
159,Cuca (218138),Activo,Exploración minera,Secretaría de Economía,Coanzamex Servicios SA de CV,2018,2024,83.2929,Hectáreas
160,Chuqui 2 (226285),Activo,Exploración minera,Secretaría de Economía,Coanzamex Servicios SA de CV,2018,2024,1133.6668,Hectáreas
161,Rocio Fraccion I (225834),Activo,Exploración minera,Secretaría de Economía,Coanzamex Servicios SA de CV,2018,2024,9014.8899,Hectáreas
162,Rocio Fraccion II (225835),Activo,Exploración minera,Secretaría de Economía,Coanzamex Servicios SA de CV,2018,2024,561,Hectáreas
163,Karen (222689),Activo,Exploración minera,Secretaría de Economía,Coanzamex Servicios SA de CV,2018,2024,115.616,Hectáreas
164,Susan (222690),Activo,Exploración minera,Secretaría de Economía,Coanzamex Servicios SA de CV,2018,2024,737,Hectáreas
165,Bura (220539),Activo,Exploración minera,Secretaría de Economía,Coanzamex Servicios SA de CV,2018,2024,192,Hectáreas
166,Venado (220540),Activo,Exploración minera,Secretaría de Economía,Coanzamex Servicios SA de CV,2018,2024,200,Hectáreas
167,Dora (218137),Activo,Exploración minera,Secretaría de Economía,Coanzamex Servicios SA de CV,2018,2024,87,Hectáreas
168,Chuqu+ 4 Fraccian A (240819),Activo,Exploración minera,Secretaría de Economía,Coanzamex Servicios SA de CV,2018,2024,3338.2146,Hectáreas
169,Cananea VII (184667),Activo,Explotación minera,Secretaría de Economía,Buenavista del Cobre SA de CV,2018,2024,480,Hectáreas
170,El Alacran (201817),Activo,Exploración minera,Secretaría de Economía,Minera Teck SA de CV,2018,2024,3442.359,Hectáreas
171,La Suertuda (231507),Inactivo,Concesión minera,Secretaría de Economía,Minera Mexital SA de CV,2018,2024,1943.656,Hectáreas
172,San Miguel Fracc I (231230),Inactivo,Concesión minera,Secretaría de Economía,Minera Teloro,2018,2024,6593.8841,Hectáreas
173,San Miguel Fracc II (231231),Inactivo,Concesión minera,Secretaría de Economía,Minera Teloro,2018,2024,27.4928,Hectáreas
174,Tasajal (228940),Inactivo,Concesión minera,Secretaría de Economía,Exploraciones Mineras Parreña SA de CV,2018,2024,74,Hectáreas
175,India (228957),Inactivo,Concesión minera,Secretaría de Economía,Exploraciones Mineras Parreña SA de CV,2018,2024,53.6169,Hectáreas
176,Los Chinos (231815),Inactivo,Concesión minera,Secretaría de Economía,Minera Piedra Azul SA de CV,2018,2024,9322.1544,Hectáreas
177,Rastras (229036),Inactivo,Concesión minera,Secretaría de Economía,Exploraciones Mineras Parreña SA de CV,2018,2024,22.5878,Hectáreas
178,Gertrudis (227236),Inactivo,Concesión minera,Secretaría de Economía,Exploraciones Mineras Parreña SA de CV,2018,2024,99.172,Hectáreas
179,El Leoncito (222270),Inactivo,Concesión minera,Secretaría de Economía,Exploraciones Mineras Parreña SA de CV,2018,2024,10,Hectáreas
180,El Leon (222273),Inactivo,Concesión minera,Secretaría de Economía,Exploraciones Mineras Parreña SA de CV,2018,2024,156,Hectáreas
181,Ines 2 (224224),Inactivo,Concesión minera,Secretaría de Economía,Pan American Minerals Inc ,2018,2024,20,Hectáreas
182,Cruz (223784),Inactivo,Concesión minera,Secretaría de Economía,Grupo Bareyo SA de CV,2018,2024,14.436,Hectáreas
183,3 Hermanos (221603),Inactivo,Concesión minera,Secretaría de Economía,Pan American Minerals Inc ,2018,2024,36,Hectáreas
184,Ines (221604),Inactivo,Concesión minera,Secretaría de Economía,Pan American Minerals Inc ,2018,2024,200,Hectáreas
185,Ana (221605),Inactivo,Concesión minera,Secretaría de Economía,Pan American Minerals Inc ,2018,2024,80,Hectáreas
186,Delta 3 Fraccion 1 (221668),Inactivo,Concesión minera,Secretaría de Economía,Minas de Argonautas S de RL de CV,2018,2024,1.0224,Hectáreas
187,Delta 5 Fraccion 5 (221079),Inactivo,Concesión minera,Secretaría de Economía,Minas de Argonautas S de RL de CV,2018,2024,0.734,Hectáreas
188,Delta 5 Fraccion 4 (220564),Inactivo,Concesión minera,Secretaría de Economía,Minas de Argonautas S de RL de CV,2018,2024,63.4157,Hectáreas
189,Delta 3 Fraccion 3 (218893),Inactivo,Concesión minera,Secretaría de Economía,Minas de Argonautas S de RL de CV,2018,2024,116.773,Hectáreas
190,Delta 4 (218234),Inactivo,Concesión minera,Secretaría de Economía,Minas de Argonautas S de RL de CV,2018,2024,191.3465,Hectáreas
191,Delta 3 Fraccion 2 (217680),Inactivo,Concesión minera,Secretaría de Economía,Minas de Argonautas S de RL de CV,2018,2024,7.4762,Hectáreas
192,Quien Sabe No 2 (151463),Inactivo,Concesión minera,Secretaría de Economía,Compañia Minera La Platina SA,2018,2024,70,Hectáreas
193,El Siete (184913),Inactivo,Concesión minera,Secretaría de Economía,Grupo Bareyo SA de CV,2018,2024,43.239,Hectáreas
194,Las Chispas Uno (188661),Inactivo,Concesión minera,Secretaría de Economía,Grupo Bareyo SA de CV,2018,2024,33.711,Hectáreas
195,Sonora 6 A (218625),Inactivo,Concesión minera,Secretaría de Economía,Minera Bismark SA de CV,2018,2024,1789.8062,Hectáreas
196,Leon 4 (213008),Inactivo,Concesión minera,Secretaría de Economía,Exploraciones Mineras Parreña SA de CV,2018,2024,18,Hectáreas
197,K L (212834),Inactivo,Concesión minera,Secretaría de Economía,Oro Rico Ltd,2018,2024,728.133,Hectáreas
198,Sonora 97 (222688),Inactivo,Concesión minera,Secretaría de Economía,Minera Bismark SA de CV,2018,2024,1720.2361,Hectáreas
199,La Estrella (222403),Inactivo,Concesión minera,Secretaría de Economía,Minera Auricup S de RL de CV,2018,2024,400,Hectáreas
200,El Cochito (216770),Inactivo,Concesión minera,Secretaría de Economía,Minera Auricup S de RL de CV,2018,2024,80,Hectáreas
201,Vati 4 Bis (Identico Al 204312) (216436),Inactivo,Concesión minera,Secretaría de Economía,Minas De Argonautas S De RL de CV,2018,2024,491,Hectáreas
202,La Violeta 2 (212845),Inactivo,Concesión minera,Secretaría de Economía,Compañia Minera La Pitahaya,2018,2024,38,Hectáreas
203,El Bervano Fraccion 2 (212028),Inactivo,Concesión minera,Secretaría de Economía,Grupo Bareyo SA de CV,2018,2024,0.9966,Hectáreas
204,Zamorato (233224),Inactivo,Concesión minera,Secretaría de Economía,Minas Peñoles SA de CV,2018,2024,658.9195,Hectáreas
205,Zamorato 3 (233225),Inactivo,Concesión minera,Secretaría de Economía,Minas Peñoles SA de CV,2018,2024,88.5474,Hectáreas
206,Zamorato 2 (233226),Inactivo,Concesión minera,Secretaría de Economía,Minas Peñoles SA de CV,2018,2024,81.1351,Hectáreas
207,El Trebol (235354),Inactivo,Concesión minera,Secretaría de Economía,Minera Teck SA de CV,2018,2024,26718.0091,Hectáreas
208,Zamorato 4 (236180),Inactivo,Concesión minera,Secretaría de Economía,Minas Peñoles SA de CV,2018,2024,721.9533,Hectáreas
209,Manzanal (236346),Inactivo,Concesión minera,Secretaría de Economía,Minas Peñoles SA de CV,2018,2024,11107.685,Hectáreas
210,El Trebol 2 (237507),Inactivo,Concesión minera,Secretaría de Economía,Minera Teck SA de CV,2018,2024,100,Hectáreas
211,El Trebol 1 (237508),Inactivo,Concesión minera,Secretaría de Economía,Minera Teck SA de CV,2018,2024,3904.2417,Hectáreas
212,Zamorato 5 (238383),Inactivo,Concesión minera,Secretaría de Economía,Minas Peñoles SA de CV,2018,2024,61.7382,Hectáreas
213,Calerita 4 Fraccion 3 (240360),Inactivo,Concesión minera,Secretaría de Economía,Desarrollos Mineros El Aguila,2018,2024,8.9652,Hectáreas
214,Mariana 5 (242238),Inactivo,Concesión minera,Secretaría de Economía,Desarrollos Mineros El Aguila,2018,2024,758.7047,Hectáreas
215,Mariana  4 (242240),Inactivo,Concesión minera,Secretaría de Economía,Desarrollos Mineros El Aguila,2018,2024,356.1249,Hectáreas
216,Leoncito 2 (242488),Inactivo,Concesión minera,Secretaría de Economía,Exploraciones Mineras Parreña SA de CV,2018,2024,40.0215,Hectáreas
217,Rio Sonora 3 (243983),Inactivo,Concesión minera,Secretaría de Economía,Recursos Millrock S de RL de CV,2018,2024,4851.2969,Hectáreas
218,Rio Sonora 4 (243984),Inactivo,Concesión minera,Secretaría de Economía,Recursos Millrock S de RL de CV,2018,2024,4799.0882,Hectáreas
219,Rio Sonora 5 (243985),Inactivo,Concesión minera,Secretaría de Economía,Recursos Millrock S de RL de CV,2018,2024,4862.0149,Hectáreas
220,Rio Sonora 6 (243986),Inactivo,Concesión minera,Secretaría de Economía,Recursos Millrock S de RL de CV,2018,2024,4893.5514,Hectáreas
221,La Virgen (211624),Inactivo,Concesión minera,Secretaría de Economía,Minera Hochschild Mexico SA de CV,2018,2024,164.0508,Hectáreas
222,Da Gang Fracc 3 (241482),Inactivo,Concesión minera,Secretaría de Economía,New Best International Mining Investment Group,2018,2024,17.4153,Hectáreas
223,Mark 2 (232856),Inactivo,Concesión minera,Secretaría de Economía,Minera Evrim SA de CV,2018,2024,3499.1383,Hectáreas
224,Mark 1 (232857),Inactivo,Concesión minera,Secretaría de Economía,Minera Evrim SA de CV,2018,2024,1713.5517,Hectáreas
225,Mark 1 Fraccion 1 (232858),Inactivo,Concesión minera,Secretaría de Economía,Minera Evrim SA de CV,2018,2024,5.7143,Hectáreas
226,La Viuda - 1 (232859),Inactivo,Concesión minera,Secretaría de Economía,Compañia Minera Mexivada,2018,2024,7573.794,Hectáreas
227,La Viuda (232498),Inactivo,Concesión minera,Secretaría de Economía,Compañia Minera Mexivada,2018,2024,44,Hectáreas
228,Lucero (232000),Inactivo,Concesión minera,Secretaría de Economía,Minera Auricup S de RL de CV,2018,2024,248,Hectáreas
229,Sierra Pinta (232056),Inactivo,Concesión minera,Secretaría de Economía,Minera Auricup S de RL de CV,2018,2024,1743.6815,Hectáreas
230,Sierra Pinta III (232057),Inactivo,Concesión minera,Secretaría de Economía,Minera Auricup S de RL de CV,2018,2024,1279.657,Hectáreas
231,Real De Cananea (231952),Inactivo,Concesión minera,Secretaría de Economía,Minera Zampano S de RL de CV,2018,2024,91,Hectáreas
232,Real De Cananea (231953),Inactivo,Concesión minera,Secretaría de Economía,Minera Zampano S de RL de CV,2018,2024,100,Hectáreas
233,Real De Cananea (231954),Inactivo,Concesión minera,Secretaría de Economía,Minera Zampano S de RL de CV,2018,2024,95,Hectáreas
234,Real De Cananea (231955),Inactivo,Concesión minera,Secretaría de Economía,Minera Zampano S de RL de CV,2018,2024,95,Hectáreas
235,Real De Cananea (231956),Inactivo,Concesión minera,Secretaría de Economía,Minera Zampano S de RL de CV,2018,2024,200,Hectáreas
236,La Purica (231959),Inactivo,Concesión minera,Secretaría de Economía,Solitario Mexico,2018,2024,37.4739,Hectáreas
237,Ana 1 Centro (231817),Inactivo,Concesión minera,Secretaría de Economía,Open Organization Solutions S de RL de CV,2018,2024,233.2133,Hectáreas
238,Ana 1 Se (231818),Inactivo,Concesión minera,Secretaría de Economía,Open Organization Solutions S de RL de CV,2018,2024,467.9054,Hectáreas
239,Ana 1 Ne (231819),Inactivo,Concesión minera,Secretaría de Economía,Minera Vermillion,2018,2024,786.1161,Hectáreas
240,El Bueno (231389),Inactivo,Concesión minera,Secretaría de Economía,Minera Mexital SA de CV,2018,2024,92.4942,Hectáreas
241,Agua Nueva-I (231414),Inactivo,Concesión minera,Secretaría de Economía,Minera Cascabel SA de CV ,2018,2024,100,Hectáreas
242,La Centella (231419),Inactivo,Concesión minera,Secretaría de Economía,Minera Cascabel SA de CV ,2018,2024,1989.9843,Hectáreas
243,Grecia (231145),Inactivo,Concesión minera,Secretaría de Economía,Roma Recursos de Mexico,2018,2024,2895,Hectáreas
244,El Bueno (230988),Inactivo,Concesión minera,Secretaría de Economía,Minera Mexital SA de CV,2018,2024,39.9295,Hectáreas
245,Valde (230897),Inactivo,Concesión minera,Secretaría de Economía,Minera Gateway,2018,2024,1819.5689,Hectáreas
246,Picacho Fracc I (230553),Inactivo,Concesión minera,Secretaría de Economía,American Copper Mining,2018,2024,3813.2627,Hectáreas
247,Picacho Fracc II (230554),Inactivo,Concesión minera,Secretaría de Economía,American Copper Mining,2018,2024,3.8639,Hectáreas
248,Picacho Fracc III (230555),Inactivo,Concesión minera,Secretaría de Economía,American Copper Mining,2018,2024,6.3448,Hectáreas
249,Perla (230556),Inactivo,Concesión minera,Secretaría de Economía,Imr Metallurgical Resources Mexico,2018,2024,491.2479,Hectáreas
250,Erika (230557),Inactivo,Concesión minera,Secretaría de Economía,Imr Metallurgical Resources Mexico,2018,2024,464.3981,Hectáreas
251,Tercero 7 (230381),Inactivo,Concesión minera,Secretaría de Economía,Exploraciones Mineras Parreña SA de CV,2018,2024,26.6451,Hectáreas
252,Cuitaca 14 (229927),Inactivo,Concesión minera,Secretaría de Economía,Exploraciones Mineras Parreña SA de CV,2018,2024,197.3696,Hectáreas
253,Cuitaca 16 (229929),Inactivo,Concesión minera,Secretaría de Economía,Exploraciones Mineras Parreña SA de CV,2018,2024,197.32,Hectáreas
254,Cuitaca 18 (229931),Inactivo,Concesión minera,Secretaría de Economía,Exploraciones Mineras Parreña SA de CV,2018,2024,399.9996,Hectáreas
255,Cerro Prieto (229932),Inactivo,Concesión minera,Secretaría de Economía,Minas De Oroco Resources,2018,2024,2508,Hectáreas
256,Santa Elena (229986),Inactivo,Concesión minera,Secretaría de Economía,Minera Hochschild Mexico SA de CV,2018,2024,500,Hectáreas
257,San Felipe 3 (230094),Inactivo,Concesión minera,Secretaría de Economía,Minera Hochschild Mexico SA de CV,2018,2024,39.832,Hectáreas
258,El Cuervo (230189),Inactivo,Concesión minera,Secretaría de Economía,Nusantara de Mexico SA de CV,2018,2024,100,Hectáreas
259,Andrea (229312),Inactivo,Concesión minera,Secretaría de Economía,Imr Metallurgical Resources Mexico,2018,2024,454.6694,Hectáreas
260,Andrea I (229313),Inactivo,Concesión minera,Secretaría de Economía,Imr Metallurgical Resources Mexico,2018,2024,481.2753,Hectáreas
261,Paola (229409),Inactivo,Concesión minera,Secretaría de Economía,Imr Metallurgical Resources Mexico,2018,2024,514.5756,Hectáreas
262,San Antonio (228941),Inactivo,Concesión minera,Secretaría de Economía,Minera Genminmex SA de CV,2018,2024,3553.0927,Hectáreas
263,Argonauta 4 (229005),Inactivo,Concesión minera,Secretaría de Economía,Minera Meridian Minerales S de RL de CV,2018,2024,2127.0216,Hectáreas
264,San Felipe 2 Fracc I (228603),Inactivo,Concesión minera,Secretaría de Economía,Minera Hochschild Mexico SA de CV,2018,2024,14256.0509,Hectáreas
265,San Felipe 2 Fracc II (228604),Inactivo,Concesión minera,Secretaría de Economía,Minera Hochschild Mexico SA de CV,2018,2024,1.2039,Hectáreas
266,Tercera Ampl Al Gachi (228333),Inactivo,Concesión minera,Secretaría de Economía,Nusantara de Mexico SA de CV,2018,2024,1400,Hectáreas
267,Tercero (227998),Inactivo,Concesión minera,Secretaría de Economía,Exploraciones Mineras Parreña SA de CV,2018,2024,70.3602,Hectáreas
268,La Prieta (228003),Inactivo,Concesión minera,Secretaría de Economía,Minera Ches Mex S de RL de CV,2018,2024,580,Hectáreas
269,Coloraditas 3 (228010),Inactivo,Concesión minera,Secretaría de Economía,Exploraciones Mineras Parreña SA de CV,2018,2024,88.3151,Hectáreas
270,Coloraditas (227560),Inactivo,Concesión minera,Secretaría de Economía,Exploraciones Mineras Parreña SA de CV,2018,2024,664.0177,Hectáreas
271,El Sol F 1 (227093),Inactivo,Concesión minera,Secretaría de Economía,Minas del Rio Sonora SA de CV,2018,2024,28.5,Hectáreas
272,El Sol F 2 (227094),Inactivo,Concesión minera,Secretaría de Economía,Minas del Rio Sonora SA de CV,2018,2024,12,Hectáreas
273,Rey 2 (226800),Inactivo,Concesión minera,Secretaría de Economía,Exploraciones Mineras Parreña SA de CV,2018,2024,58.5171,Hectáreas
274,Argonauta 2 Fracc 1 (226859),Inactivo,Concesión minera,Secretaría de Economía,Minera Meridian Minerales S de RL de CV,2018,2024,4.9663,Hectáreas
275,Argonauta 2 Fracc 2 (226860),Inactivo,Concesión minera,Secretaría de Economía,Minera Meridian Minerales S de RL de CV,2018,2024,13.8788,Hectáreas
276,Argonauta 2 Fracc 3 (226861),Inactivo,Concesión minera,Secretaría de Economía,Minera Meridian Minerales S de RL de CV,2018,2024,141.8638,Hectáreas
277,Argonauta 3 (226862),Inactivo,Concesión minera,Secretaría de Economía,Minera Meridian Minerales S de RL de CV,2018,2024,81,Hectáreas
278,Tercero 6 (226577),Inactivo,Concesión minera,Secretaría de Economía,Exploraciones Mineras Parreña SA de CV,2018,2024,90.5106,Hectáreas
279,Molibdeno 10 (225983),Inactivo,Concesión minera,Secretaría de Economía,Compañia Internacional Minera,2018,2024,7.0142,Hectáreas
280,Tragedia 2 (226071),Inactivo,Concesión minera,Secretaría de Economía,Minera Meridian Minerales S de RL de CV,2018,2024,20,Hectáreas
281,San Nicolas (225542),Inactivo,Concesión minera,Secretaría de Economía,Compañia Internacional Minera,2018,2024,51.3791,Hectáreas
282,El Premio (225546),Inactivo,Concesión minera,Secretaría de Economía,Buenavista del Cobre SA de CV,2018,2024,36.5356,Hectáreas
283,La Viri (225173),Inactivo,Concesión minera,Secretaría de Economía,Minera Maria SA de CV ,2018,2024,178.8106,Hectáreas
284,Maria 23 (225178),Inactivo,Concesión minera,Secretaría de Economía,Minera Maria SA de CV ,2018,2024,200,Hectáreas
285,La Cornea (225179),Inactivo,Concesión minera,Secretaría de Economía,Minera Maria SA de CV ,2018,2024,90,Hectáreas
286,Santa Teresa (224333),Inactivo,Concesión minera,Secretaría de Economía,Minera Hochschild Mexico SA de CV,2018,2024,7.6016,Hectáreas
287,El Ringer (222839),Inactivo,Concesión minera,Secretaría de Economía,Exploraciones Mineras Parreña SA de CV,2018,2024,585.6072,Hectáreas
288,Hueco Cuitaca (222269),Inactivo,Concesión minera,Secretaría de Economía,Exploraciones Mineras Parreña SA de CV,2018,2024,7.3301,Hectáreas
289,San Francisco (221919),Inactivo,Concesión minera,Secretaría de Economía,Minera Meridian Minerales S de RL de CV,2018,2024,98.9169,Hectáreas
290,El Hipo Fraccion I (221921),Inactivo,Concesión minera,Secretaría de Economía,Minera Meridian Minerales S de RL de CV,2018,2024,123.1961,Hectáreas
291,Los Jucaros (222007),Inactivo,Concesión minera,Secretaría de Economía,Mexicana De Cobre SA de CV,2018,2024,1367.6897,Hectáreas
292,El Hipo Fraccion I (221763),Inactivo,Concesión minera,Secretaría de Economía,Minera Meridian Minerales S de RL de CV,2018,2024,45.8914,Hectáreas
293,El Hipo Fraccion II (221764),Inactivo,Concesión minera,Secretaría de Economía,Minera Meridian Minerales S de RL de CV,2018,2024,11.7569,Hectáreas
294,El Hipo Fraccion III (221765),Inactivo,Concesión minera,Secretaría de Economía,Minera Meridian Minerales S de RL de CV,2018,2024,31.4375,Hectáreas
295,Las Aguilas (221208),Inactivo,Concesión minera,Secretaría de Economía,Exploraciones Mineras Parreña SA de CV,2018,2024,4711.4218,Hectáreas
296,Los Amoles (221095),Inactivo,Concesión minera,Secretaría de Economía,Mexicana De Cobre SA de CV,2018,2024,830,Hectáreas
297,Egure (220766),Inactivo,Concesión minera,Secretaría de Economía,Minera Gateway,2018,2024,120.9242,Hectáreas
298,La Sultana (219536),Inactivo,Concesión minera,Secretaría de Economía,Exploraciones Mineras Parreña SA de CV,2018,2024,119.5685,Hectáreas
299,Lolita (219016),Inactivo,Concesión minera,Secretaría de Economía,Minera Maria SA de CV ,2018,2024,30,Hectáreas
300,Boquilla Fracc I (218924),Inactivo,Concesión minera,Secretaría de Economía,Exploraciones Mineras Parreña SA de CV,2018,2024,300,Hectáreas
301,Cuitaca XII (218298),Inactivo,Concesión minera,Secretaría de Economía,Exploraciones Mineras Parreña SA de CV,2018,2024,147.5903,Hectáreas
302,Petra (218406),Inactivo,Concesión minera,Secretaría de Economía,Mexicana De Cobre SA de CV,2018,2024,7,Hectáreas
303,El Jaralito Fracc  III (218446),Inactivo,Concesión minera,Secretaría de Economía,Exploraciones Mineras Parreña SA de CV,2018,2024,6.9932,Hectáreas
304,Antunes 5 (217542),Inactivo,Concesión minera,Secretaría de Economía,Exploraciones Mineras Parreña SA de CV,2018,2024,139.3406,Hectáreas
305,Mercurio (216887),Inactivo,Concesión minera,Secretaría de Economía,Minera Maria SA de CV ,2018,2024,10017.5849,Hectáreas
306,Zircon 19 (216966),Inactivo,Concesión minera,Secretaría de Economía,Minera Maria SA de CV ,2018,2024,72.3634,Hectáreas
307,Zircon 20 (216979),Inactivo,Concesión minera,Secretaría de Economía,Minera Maria SA de CV ,2018,2024,512.9449,Hectáreas
308,El Nuevo Tucabe (216522),Inactivo,Concesión minera,Secretaría de Economía,Minera Meridian Minerales S de RL de CV,2018,2024,42.3052,Hectáreas
309,Maria 22 (215561),Inactivo,Concesión minera,Secretaría de Economía,Minera Maria SA de CV ,2018,2024,0.4185,Hectáreas
310,Zircon 9 (215562),Inactivo,Concesión minera,Secretaría de Economía,Minera Maria SA de CV ,2018,2024,1.1722,Hectáreas
311,Gato 2 (215596),Inactivo,Concesión minera,Secretaría de Economía,Minera Meridian Minerales S de RL de CV,2018,2024,50,Hectáreas
312,San Juan (214521),Inactivo,Concesión minera,Secretaría de Economía,Compañia Internacional Minera,2018,2024,36.9177,Hectáreas
313,Cuitaca XV (214585),Inactivo,Concesión minera,Secretaría de Economía,Exploraciones Mineras Parreña SA de CV,2018,2024,6425.3985,Hectáreas
314,Maria 23 (214637),Inactivo,Concesión minera,Secretaría de Economía,Compañia Internacional Minera,2018,2024,29.944,Hectáreas
315,Marias Alejandras (214475),Inactivo,Concesión minera,Secretaría de Economía,Compañia Internacional Minera,2018,2024,500,Hectáreas
316,Cuitaca XI (210463),Inactivo,Concesión minera,Secretaría de Economía,Exploraciones Mineras Parreña SA de CV,2018,2024,338,Hectáreas
317,Fraccion El Nuevo Tucabe (208553),Inactivo,Concesión minera,Secretaría de Economía,Minera Meridian Minerales S de RL de CV,2018,2024,8.8492,Hectáreas
318,Klondike 2 (175672),Inactivo,Concesión minera,Secretaría de Economía,Minera Meridian Minerales S de RL de CV,2018,2024,9.8487,Hectáreas
319,Carlin III (206329),Inactivo,Concesión minera,Secretaría de Economía,Exploraciones Mineras Parreña SA de CV,2018,2024,5.1128,Hectáreas
320,Bella Esperanza (211525),Inactivo,Concesión minera,Secretaría de Economía,Buenavista del Cobre SA de CV,2018,2024,16145.4102,Hectáreas
321,El Tucabe (210794),Inactivo,Concesión minera,Secretaría de Economía,Minera Meridian Minerales S de RL de CV,2018,2024,38.459,Hectáreas
322,Santo Domingo (203486),Inactivo,Concesión minera,Secretaría de Economía,Mexicana De Cobre SA de CV,2018,2024,34,Hectáreas
323,Laura (198175),Inactivo,Concesión minera,Secretaría de Economía,Mexicana De Cobre SA de CV,2018,2024,62.0854,Hectáreas
324,Nuevo Santo Domingo (203487),Inactivo,Concesión minera,Secretaría de Economía,Mexicana De Cobre SA de CV,2018,2024,1003.9037,Hectáreas
325,Nuevo Saucito (203488),Inactivo,Concesión minera,Secretaría de Economía,Mexicana De Cobre SA de CV,2018,2024,481.9854,Hectáreas
326,Cuitaca X (210462),Inactivo,Concesión minera,Secretaría de Economía,Exploraciones Mineras Parreña SA de CV,2018,2024,150,Hectáreas
327,Cuitaca VI (210589),Inactivo,Concesión minera,Secretaría de Economía,Exploraciones Mineras Parreña SA de CV,2018,2024,200,Hectáreas
328,Maria 11 (199939),Inactivo,Concesión minera,Secretaría de Economía,Minera Maria SA de CV ,2018,2024,200,Hectáreas
329,Maria 12 (199940),Inactivo,Concesión minera,Secretaría de Economía,Minera Maria SA de CV ,2018,2024,200,Hectáreas
330,Maria 34 (200035),Inactivo,Concesión minera,Secretaría de Economía,Minera Maria SA de CV ,2018,2024,100,Hectáreas
331,Cuitaca II (189097),Inactivo,Concesión minera,Secretaría de Economía,Exploraciones Mineras Parreña SA de CV,2018,2024,196,Hectáreas
332,Maria 13 (200029),Inactivo,Concesión minera,Secretaría de Economía,Minera Maria SA de CV ,2018,2024,200,Hectáreas
333,Guadalupe (211715),Inactivo,Concesión minera,Secretaría de Economía,Corex Global S de RL de CV,2018,2024,24.594,Hectáreas
334,San Felix (176213),Inactivo,Concesión minera,Secretaría de Economía,Minas De Oroco Resources,2018,2024,205.1784,Hectáreas
335,Maria 14 (200020),Inactivo,Concesión minera,Secretaría de Economía,Minera Maria SA de CV ,2018,2024,180,Hectáreas
336,Erendira (201820),Inactivo,Concesión minera,Secretaría de Economía,Compañia Internacional Minera,2018,2024,182,Hectáreas
337,Esmeralda (201910),Inactivo,Concesión minera,Secretaría de Economía,Compañia Internacional Minera,2018,2024,100,Hectáreas
338,La Plata (176438),Inactivo,Concesión minera,Secretaría de Economía,Compañia Internacional Minera,2018,2024,119.313,Hectáreas
339,Unificacion Jesus (177251),Inactivo,Concesión minera,Secretaría de Economía,Compañia Internacional Minera,2018,2024,436.1827,Hectáreas
340,Molibdeno 8 (202774),Inactivo,Concesión minera,Secretaría de Economía,Compañia Internacional Minera,2018,2024,769.6155,Hectáreas
341,Aurora (202776),Inactivo,Concesión minera,Secretaría de Economía,Compañia Internacional Minera,2018,2024,435,Hectáreas
342,Evelin (201819),Inactivo,Concesión minera,Secretaría de Economía,Compañia Internacional Minera,2018,2024,453.5308,Hectáreas
343,Maria 44 (201548),Inactivo,Concesión minera,Secretaría de Economía,Minera Maria SA de CV ,2018,2024,317.2153,Hectáreas
344,Zircon 25 (202787),Inactivo,Concesión minera,Secretaría de Economía,Minera Maria SA de CV ,2018,2024,1087.0786,Hectáreas
345,Maria 45 (203268),Inactivo,Concesión minera,Secretaría de Economía,Minera Maria SA de CV ,2018,2024,253.1781,Hectáreas
346,Pragedia (186251),Inactivo,Concesión minera,Secretaría de Economía,Minera Meridian Minerales S de RL de CV,2018,2024,20,Hectáreas
347,El Gueriguito (165535),Inactivo,Concesión minera,Secretaría de Economía,Nusantara de Mexico SA de CV,2018,2024,18,Hectáreas
348,La Villa Fracc II (225593),Inactivo,Concesión minera,Secretaría de Economía,Mexicana De Cobre SA de CV,2018,2024,608,Hectáreas
349,Davegu (226292),Inactivo,Concesión minera,Secretaría de Economía,Minera Gateway,2018,2024,1666.5697,Hectáreas
350,La Valdeza (225868),Inactivo,Concesión minera,Secretaría de Economía,Minera Gateway,2018,2024,1980.1858,Hectáreas
351,La Vibora (226072),Inactivo,Concesión minera,Secretaría de Economía,Minera Gateway,2018,2024,1641.7554,Hectáreas
352,Purica Fracc I (225808),Inactivo,Concesión minera,Secretaría de Economía,Mexicana De Cobre SA de CV,2018,2024,7600.7229,Hectáreas
353,La Villa Fracc I (225592),Inactivo,Concesión minera,Secretaría de Economía,Mexicana De Cobre SA de CV,2018,2024,10890.289,Hectáreas
354,El Nogal (225594),Inactivo,Concesión minera,Secretaría de Economía,Mexicana De Cobre SA de CV,2018,2024,4674.1023,Hectáreas
355,Cruz De Mayo 2 (224223),Inactivo,Concesión minera,Secretaría de Economía,Compañia Minera La Llamarada SA de CV,2018,2024,433.5202,Hectáreas
356,El Picacho I (222925),Inactivo,Concesión minera,Secretaría de Economía,American Copper Mining,2018,2024,2155.689,Hectáreas
357,Dos Amigos (222511),Inactivo,Concesión minera,Secretaría de Economía,American Copper Mining,2018,2024,24.4306,Hectáreas
358,La Presa 7 (222006),Inactivo,Concesión minera,Secretaría de Economía,Mexicana De Cobre SA de CV,2018,2024,1537.38,Hectáreas
359,Gato (221761),Inactivo,Concesión minera,Secretaría de Economía,Minera Meridian Minerales S de RL de CV,2018,2024,337.1108,Hectáreas
360,El Caracol Fracc II (220489),Inactivo,Concesión minera,Secretaría de Economía,Buenavista del Cobre SA de CV,2018,2024,1.561,Hectáreas
361,El Encino (218075),Inactivo,Concesión minera,Secretaría de Economía,Minera Maria SA de CV ,2018,2024,7.4093,Hectáreas
362,Espiritu Santo Fraccion I (217589),Inactivo,Concesión minera,Secretaría de Economía,Grupo Bareyo SA de CV,2018,2024,733.3232,Hectáreas
363,Espiritu Santo Fraccion II (217590),Inactivo,Concesión minera,Secretaría de Economía,Grupo Bareyo SA de CV,2018,2024,0.877,Hectáreas
364,Jaralito (217105),Inactivo,Concesión minera,Secretaría de Economía,Tungsteno de Baviacora,2018,2024,25,Hectáreas
365,El Pajaro (216163),Inactivo,Concesión minera,Secretaría de Economía,Minera Cascabel SA de CV ,2018,2024,7.5,Hectáreas
366,Zircon 6 (215563),Inactivo,Concesión minera,Secretaría de Economía,Minera Maria SA de CV ,2018,2024,27.1779,Hectáreas
367,Raul (178919),Inactivo,Concesión minera,Secretaría de Economía,Compañia Internacional Minera,2018,2024,96.2408,Hectáreas
368,Unificacion Angel (186586),Inactivo,Concesión minera,Secretaría de Economía,Compañia Internacional Minera,2018,2024,449.7519,Hectáreas
369,Don Eduardo (178169),Inactivo,Concesión minera,Secretaría de Economía,Compañia Internacional Minera,2018,2024,218.951,Hectáreas
370,Unificacion Molibdeno (167237),Inactivo,Concesión minera,Secretaría de Economía,Compañia Internacional Minera,2018,2024,358.4961,Hectáreas
371,Unificacion Cobre Rico (170587),Inactivo,Concesión minera,Secretaría de Economía,Compañia Internacional Minera,2018,2024,77,Hectáreas
372,Unificacion Transvaal (171098),Inactivo,Concesión minera,Secretaría de Economía,Compañia Internacional Minera,2018,2024,200.1972,Hectáreas
373,Molibdeno 3 (172194),Inactivo,Concesión minera,Secretaría de Economía,Compañia Internacional Minera,2018,2024,255.1366,Hectáreas
374,Unificacion San Judas (167236),Inactivo,Concesión minera,Secretaría de Economía,Compañia Internacional Minera,2018,2024,233.0499,Hectáreas
375,Elisa (172197),Inactivo,Concesión minera,Secretaría de Economía,Compañia Internacional Minera,2018,2024,0.4374,Hectáreas
376,Erica 2 (172318),Inactivo,Concesión minera,Secretaría de Economía,Compañia Internacional Minera,2018,2024,40,Hectáreas
377,Don Jesus No 2 (172860),Inactivo,Concesión minera,Secretaría de Economía,Compañia Internacional Minera,2018,2024,1.2869,Hectáreas
378,Molibdeno 6 (174700),Inactivo,Concesión minera,Secretaría de Economía,Compañia Internacional Minera,2018,2024,44.5605,Hectáreas
379,San Angel No 4 (179130),Inactivo,Concesión minera,Secretaría de Economía,Compañia Internacional Minera,2018,2024,2.4858,Hectáreas
380,Gina 2 (198435),Inactivo,Concesión minera,Secretaría de Economía,Compañia Internacional Minera,2018,2024,53.8485,Hectáreas
381,Erica (172333),Inactivo,Concesión minera,Secretaría de Economía,Compañia Internacional Minera,2018,2024,20,Hectáreas
382,Erica 3 (202772),Inactivo,Concesión minera,Secretaría de Economía,Compañia Internacional Minera,2018,2024,314.925,Hectáreas
383,Las Chispas (156924),Inactivo,Concesión minera,Secretaría de Economía,Grupo Bareyo SA de CV,2018,2024,4.47,Hectáreas
384,El Monstruo De Plomo (180473),Inactivo,Concesión minera,Secretaría de Economía,Minera Piedra Azul SA de CV,2018,2024,27.0522,Hectáreas
385,Don Genaro (180474),Inactivo,Concesión minera,Secretaría de Economía,Minera Piedra Azul SA de CV,2018,2024,20,Hectáreas
386,El Creston De Plomo (180475),Inactivo,Concesión minera,Secretaría de Economía,Minera Piedra Azul SA de CV,2018,2024,20,Hectáreas
387,Hidalgo No 4 (166366),Inactivo,Concesión minera,Secretaría de Economía,Minera Tlali SAPI de CV,2018,2024,99,Hectáreas
388,Hidalgo No 5 (166370),Inactivo,Concesión minera,Secretaría de Economía,Minera Tlali SAPI de CV,2018,2024,99,Hectáreas
389,Hidalgo No 6 (166371),Inactivo,Concesión minera,Secretaría de Economía,Minera Tlali SAPI de CV,2018,2024,99,Hectáreas
390,Hidalgo (166374),Inactivo,Concesión minera,Secretaría de Economía,Minera Tlali SAPI de CV,2018,2024,99,Hectáreas
391,Hidalgo 9 (166375),Inactivo,Concesión minera,Secretaría de Economía,Minera Tlali SAPI de CV,2018,2024,99,Hectáreas
392,San Jose (177269),Inactivo,Concesión minera,Secretaría de Economía,Exploraciones Mineras Parreña SA de CV,2018,2024,10,Hectáreas
393,Ponderosa Tres (202549),Inactivo,Concesión minera,Secretaría de Economía,Exploraciones Mineras Parreña SA de CV,2018,2024,104.935,Hectáreas
394,El Gachi (182543),Inactivo,Concesión minera,Secretaría de Economía,Nusantara de Mexico SA de CV,2018,2024,100,Hectáreas
395,Gina 3 (198436),Inactivo,Concesión minera,Secretaría de Economía,Compañia Internacional Minera,2018,2024,65,Hectáreas
396,Amelia No 6 (190646),Inactivo,Concesión minera,Secretaría de Economía,Recursos Escondidos SA de CV,2018,2024,54.0713,Hectáreas
397,Cuitaca IV (190000),Inactivo,Concesión minera,Secretaría de Economía,Exploraciones Mineras Parreña SA de CV,2018,2024,98.65,Hectáreas
398,Cuitaca III (190010),Inactivo,Concesión minera,Secretaría de Economía,Exploraciones Mineras Parreña SA de CV,2018,2024,126,Hectáreas
399,Cuitaca V (190011),Inactivo,Concesión minera,Secretaría de Economía,Exploraciones Mineras Parreña SA de CV,2018,2024,210,Hectáreas
400,Marta (211526),Inactivo,Concesión minera,Secretaría de Economía,Buenavista del Cobre SA de CV,2018,2024,324.3773,Hectáreas
401,Maria 43 (201021),Inactivo,Concesión minera,Secretaría de Economía,Minera Maria SA de CV ,2018,2024,295.3767,Hectáreas
402,La Bartola (187085),Inactivo,Concesión minera,Secretaría de Economía,Minera Meridian Minerales S de RL de CV,2018,2024,10,Hectáreas
403,Corona De Oro (175671),Inactivo,Concesión minera,Secretaría de Economía,Minera Meridian Minerales S de RL de CV,2018,2024,10,Hectáreas
404,Fernandez Leal (190472),Inactivo,Concesión minera,Secretaría de Economía,Grupo Bareyo SA de CV,2018,2024,3.1292,Hectáreas
405,Guillermo Tell (191051),Inactivo,Concesión minera,Secretaría de Economía,Grupo Bareyo SA de CV,2018,2024,5.6521,Hectáreas
406,Limantour (191060),Inactivo,Concesión minera,Secretaría de Economía,Grupo Bareyo SA de CV,2018,2024,4.5537,Hectáreas
407,El Picacho (161838),Inactivo,Concesión minera,Secretaría de Economía,American Copper Mining,2018,2024,21,Hectáreas
408,Unificacion Rey De Oro (206327),Inactivo,Concesión minera,Secretaría de Economía,American Copper Mining,2018,2024,495.3292,Hectáreas
409,San Antonio (180467),Inactivo,Concesión minera,Secretaría de Economía,Tungsteno de Baviacora,2018,2024,50,Hectáreas
410,Dos Hermanos (180468),Inactivo,Concesión minera,Secretaría de Economía,Tungsteno de Baviacora,2018,2024,49,Hectáreas
411,Santa Elena (180461),Inactivo,Concesión minera,Secretaría de Economía,Tungsteno de Baviacora,2018,2024,14,Hectáreas
412,Cerro Colorado Dos (206752),Inactivo,Concesión minera,Secretaría de Economía,Exploraciones Mineras Parreña SA de CV,2018,2024,452.5243,Hectáreas
413,Cielo (202543),Inactivo,Concesión minera,Secretaría de Economía,Exploraciones Mineras Parreña SA de CV,2018,2024,49.9566,Hectáreas
414,Ponderosa (190751),Inactivo,Concesión minera,Secretaría de Economía,Exploraciones Mineras Parreña SA de CV,2018,2024,122.2112,Hectáreas
415,Padre Kino (157244),Inactivo,Concesión minera,Secretaría de Economía,Compañia Fresnillo SA de CV,2018,2024,67.3264,Hectáreas
416,El Principe (172217),Inactivo,Concesión minera,Secretaría de Economía,Minera Meridian Minerales S de RL de CV,2018,2024,18,Hectáreas
417,La Reina (172418),Inactivo,Concesión minera,Secretaría de Economía,Minera Meridian Minerales S de RL de CV,2018,2024,12.0369,Hectáreas
418,Klondike (174794),Inactivo,Concesión minera,Secretaría de Economía,Minera Meridian Minerales S de RL de CV,2018,2024,15.5275,Hectáreas
419,El Rey Del Oro (175490),Inactivo,Concesión minera,Secretaría de Economía,Minera Meridian Minerales S de RL de CV,2018,2024,18.6164,Hectáreas
420,El Rey De Oro No 2 (175511),Inactivo,Concesión minera,Secretaría de Economía,Minera Meridian Minerales S de RL de CV,2018,2024,18.4,Hectáreas
421,Ponderosa Dos (190825),Inactivo,Concesión minera,Secretaría de Economía,Exploraciones Mineras Parreña SA de CV,2018,2024,150,Hectáreas
422,Cuitaca VIII (191885),Inactivo,Concesión minera,Secretaría de Economía,Exploraciones Mineras Parreña SA de CV,2018,2024,135,Hectáreas
423,San Francisco (182330),Inactivo,Concesión minera,Secretaría de Economía,Minas De Oroco Resources,2018,2024,10,Hectáreas
424,Unificacion Buckeye (171099),Inactivo,Concesión minera,Secretaría de Economía,Compañia Internacional Minera,2018,2024,363.5,Hectáreas
425,Raul No2 (163697),Inactivo,Concesión minera,Secretaría de Economía,Compañia Internacional Minera,2018,2024,55.7587,Hectáreas
426,Unificacion Chanza (171097),Inactivo,Concesión minera,Secretaría de Economía,Compañia Internacional Minera,2018,2024,29,Hectáreas
427,Molibdeno 5 (172196),Inactivo,Concesión minera,Secretaría de Economía,Compañia Internacional Minera,2018,2024,319.6622,Hectáreas
428,Buckeye Del Oro (172731),Inactivo,Concesión minera,Secretaría de Economía,Compañia Internacional Minera,2018,2024,32.6424,Hectáreas
429,Raul No 3 (178900),Inactivo,Concesión minera,Secretaría de Economía,Compañia Internacional Minera,2018,2024,23.581,Hectáreas
430,Molibdeno 4 (172195),Inactivo,Concesión minera,Secretaría de Economía,Compañia Internacional Minera,2018,2024,371.3848,Hectáreas
431,Cuitaca (189095),Inactivo,Concesión minera,Secretaría de Economía,Exploraciones Mineras Parreña SA de CV,2018,2024,200,Hectáreas
432,Cuitaca I (189098),Inactivo,Concesión minera,Secretaría de Economía,Exploraciones Mineras Parreña SA de CV,2018,2024,200,Hectáreas
433,Cuitaca VII (190012),Inactivo,Concesión minera,Secretaría de Economía,Exploraciones Mineras Parreña SA de CV,2018,2024,210,Hectáreas
434,Cuitaca IX (198438),Inactivo,Concesión minera,Secretaría de Economía,Exploraciones Mineras Parreña SA de CV,2018,2024,135,Hectáreas
435,Maria 42 (201022),Inactivo,Concesión minera,Secretaría de Economía,Minera Maria SA de CV ,2018,2024,278.5635,Hectáreas
436,San Carlos (166619),Inactivo,Concesión minera,Secretaría de Economía,Mexicana De Cobre SA de CV,2018,2024,12,Hectáreas
437,Molibdeno No 2 (166963),Inactivo,Concesión minera,Secretaría de Economía,Mexicana De Cobre SA de CV,2018,2024,1.8064,Hectáreas
438,San Ildefonso (166965),Inactivo,Concesión minera,Secretaría de Economía,Mexicana De Cobre SA de CV,2018,2024,9.9995,Hectáreas
439,Guadalupe (166966),Inactivo,Concesión minera,Secretaría de Economía,Mexicana De Cobre SA de CV,2018,2024,10,Hectáreas
440,Virginia (166967),Inactivo,Concesión minera,Secretaría de Economía,Mexicana De Cobre SA de CV,2018,2024,10,Hectáreas
441,Santa Monica (166678),Inactivo,Concesión minera,Secretaría de Economía,Mexicana De Cobre SA de CV,2018,2024,445.31,Hectáreas
442,Continuacion Sur Santa Monica (166969),Inactivo,Concesión minera,Secretaría de Economía,Mexicana De Cobre SA de CV,2018,2024,194.7421,Hectáreas
443,Libertad (170533),Inactivo,Concesión minera,Secretaría de Economía,Mexicana De Cobre SA de CV,2018,2024,10,Hectáreas
444,Molibdeno (178147),Inactivo,Concesión minera,Secretaría de Economía,Mexicana De Cobre SA de CV,2018,2024,80,Hectáreas
445,Juan (186727),Inactivo,Concesión minera,Secretaría de Economía,Mexicana De Cobre SA de CV,2018,2024,8.6312,Hectáreas
446,La Caridad No 6 (196689),Inactivo,Concesión minera,Secretaría de Economía,Mexicana De Cobre SA de CV,2018,2024,390.9167,Hectáreas
447,La Caridad No 1 (198168),Inactivo,Concesión minera,Secretaría de Economía,Mexicana De Cobre SA de CV,2018,2024,454.5509,Hectáreas
448,La Caridad No 5 (198178),Inactivo,Concesión minera,Secretaría de Economía,Mexicana De Cobre SA de CV,2018,2024,500,Hectáreas
449,Santa Rosa (201542),Inactivo,Concesión minera,Secretaría de Economía,Mexicana De Cobre SA de CV,2018,2024,18,Hectáreas
450,Ampliacion La Caridad (205315),Inactivo,Concesión minera,Secretaría de Economía,Mexicana De Cobre SA de CV,2018,2024,13353.2595,Hectáreas
451,El Hueco (158954),Inactivo,Concesión minera,Secretaría de Economía,Mexicana De Cobre SA de CV,2018,2024,208.3827,Hectáreas
452,El Sarape (165538),Inactivo,Concesión minera,Secretaría de Economía,Mexicana De Cobre SA de CV,2018,2024,9.0385,Hectáreas
453,La Caridad (169378),Inactivo,Concesión minera,Secretaría de Economía,Mexicana De Cobre SA de CV,2018,2024,20,Hectáreas
454,El Alacran (172174),Inactivo,Concesión minera,Secretaría de Economía,Mexicana De Cobre SA de CV,2018,2024,10,Hectáreas
455,El Patriarca No 1 (180278),Inactivo,Concesión minera,Secretaría de Economía,Mexicana De Cobre SA de CV,2018,2024,60,Hectáreas
456,El Patriarca No 2 (180279),Inactivo,Concesión minera,Secretaría de Economía,Mexicana De Cobre SA de CV,2018,2024,60,Hectáreas
457,El Globo No 2 (184065),Inactivo,Concesión minera,Secretaría de Economía,Grupo Martinez Baltierrez,2018,2024,19.5579,Hectáreas
458,Unificacion Del Patriarca (185537),Inactivo,Concesión minera,Secretaría de Economía,Mexicana De Cobre SA de CV,2018,2024,459.9775,Hectáreas
459,El Canutillo (166964),Inactivo,Concesión minera,Secretaría de Economía,Mexicana De Cobre SA de CV,2018,2024,9,Hectáreas
460,La Caridad No 3 (198169),Inactivo,Concesión minera,Secretaría de Economía,Mexicana De Cobre SA de CV,2018,2024,499.4963,Hectáreas
461,La Caridad No 4 (198177),Inactivo,Concesión minera,Secretaría de Economía,Mexicana De Cobre SA de CV,2018,2024,470,Hectáreas
462,La Caridad No 2 (198179),Inactivo,Concesión minera,Secretaría de Economía,Mexicana De Cobre SA de CV,2018,2024,500,Hectáreas
463,Pilares Oeste (198200),Inactivo,Concesión minera,Secretaría de Economía,Mexicana De Cobre SA de CV,2018,2024,436.0501,Hectáreas
464,La Vibora (191263),Inactivo,Concesión minera,Secretaría de Economía,Coanzamex Servicios SA de CV,2018,2024,10,Hectáreas
465,Zaragoza (191316),Inactivo,Concesión minera,Secretaría de Economía,Suimex Interprospekt De Mexico S de RL de CV,2018,2024,36,Hectáreas
466,Agua Blanca No 2 (198541),Inactivo,Concesión minera,Secretaría de Economía,Recursos Escondidos SA de CV,2018,2024,38.7967,Hectáreas
467,San Gotardo (210776),Inactivo,Concesión minera,Secretaría de Economía,Grupo Bareyo SA de CV,2018,2024,3.6171,Hectáreas
468,Cerro Colorado (211524),Inactivo,Concesión minera,Secretaría de Economía,Exploraciones Mineras Parreña SA de CV,2018,2024,215.6258,Hectáreas
469,Dolores (125315),Inactivo,Concesión minera,Secretaría de Economía,Minera Hochschild Mexico SA de CV,2018,2024,12,Hectáreas
470,Las Lamas (173713),Inactivo,Concesión minera,Secretaría de Economía,Minera Hochschild Mexico SA de CV,2018,2024,5,Hectáreas
471,Cornucopia (173714),Inactivo,Concesión minera,Secretaría de Economía,Minera Hochschild Mexico SA de CV,2018,2024,37,Hectáreas
472,Cerro De Plomo (173718),Inactivo,Concesión minera,Secretaría de Economía,Minera Hochschild Mexico SA de CV,2018,2024,9,Hectáreas
473,San Felipe (173716),Inactivo,Concesión minera,Secretaría de Economía,Minera Hochschild Mexico SA de CV,2018,2024,18,Hectáreas
474,La Ventana (173715),Inactivo,Concesión minera,Secretaría de Economía,Minera Hochschild Mexico SA de CV,2018,2024,20,Hectáreas
475,Campos De Plomo (180602),Inactivo,Concesión minera,Secretaría de Economía,Minera Piedra Azul SA de CV,2018,2024,10,Hectáreas
476,Oposura No4 (180604),Inactivo,Concesión minera,Secretaría de Economía,Minera Piedra Azul SA de CV,2018,2024,20,Hectáreas
477,Oposura No 6 (180605),Inactivo,Concesión minera,Secretaría de Economía,Minera Piedra Azul SA de CV,2018,2024,6,Hectáreas
478,Candelaria (180476),Inactivo,Concesión minera,Secretaría de Economía,Minera Piedra Azul SA de CV,2018,2024,50,Hectáreas
479,El Hueco (180477),Inactivo,Concesión minera,Secretaría de Economía,Minera Piedra Azul SA de CV,2018,2024,24.8957,Hectáreas
480,Oposura Numero 2 (180603),Inactivo,Concesión minera,Secretaría de Economía,Minera Piedra Azul SA de CV,2018,2024,20,Hectáreas
481,Ofelia (204757),Inactivo,Concesión minera,Secretaría de Economía,Minera Cascabel SA de CV ,2018,2024,18,Hectáreas
482,Guadalupe 2 (226165),Inactivo,Concesión minera,Secretaría de Economía,Tierra Nuevo Mining Ltd,2018,2024,40,Hectáreas
483,Tercero 3 Fracc II (225535),Inactivo,Concesión minera,Secretaría de Economía,Exploraciones Mineras Parreña SA de CV,2018,2024,0.204,Hectáreas
484,Rey 6 Fraccion 1 (225536),Inactivo,Concesión minera,Secretaría de Economía,Exploraciones Mineras Parreña SA de CV,2018,2024,218.2608,Hectáreas
485,Rey 6 Fraccion 2 (225537),Inactivo,Concesión minera,Secretaría de Economía,Exploraciones Mineras Parreña SA de CV,2018,2024,165.1212,Hectáreas
486,Rey (225563),Inactivo,Concesión minera,Secretaría de Economía,Exploraciones Mineras Parreña SA de CV,2018,2024,76.0496,Hectáreas
487,Rey 4 (225564),Inactivo,Concesión minera,Secretaría de Economía,Exploraciones Mineras Parreña SA de CV,2018,2024,107,Hectáreas
488,Rey 5 (225565),Inactivo,Concesión minera,Secretaría de Economía,Exploraciones Mineras Parreña SA de CV,2018,2024,40.8008,Hectáreas
489,Tercero 2 (225566),Inactivo,Concesión minera,Secretaría de Economía,Exploraciones Mineras Parreña SA de CV,2018,2024,96.2071,Hectáreas
490,Tercero 4 (225567),Inactivo,Concesión minera,Secretaría de Economía,Exploraciones Mineras Parreña SA de CV,2018,2024,71.0381,Hectáreas
491,Tercero 5 (225568),Inactivo,Concesión minera,Secretaría de Economía,Exploraciones Mineras Parreña SA de CV,2018,2024,35.168,Hectáreas
492,Rey  V (224150),Inactivo,Concesión minera,Secretaría de Economía,Minera Meridian Minerales S de RL de CV,2018,2024,1597.2124,Hectáreas
493,Mariana  3 (224188),Inactivo,Concesión minera,Secretaría de Economía,Desarrollos Mineros El Aguila,2018,2024,381.195,Hectáreas
494,Ana Fracc I (223874),Inactivo,Concesión minera,Secretaría de Economía,Open Organization Solutions S de RL de CV,2018,2024,2637.379,Hectáreas
495,Ana Fracc II (223875),Inactivo,Concesión minera,Secretaría de Economía,Open Organization Solutions S de RL de CV,2018,2024,4.9311,Hectáreas
496,Ana Fracc III (223876),Inactivo,Concesión minera,Secretaría de Economía,Open Organization Solutions S de RL de CV,2018,2024,1.0975,Hectáreas
497,Brisca 2 (223903),Inactivo,Concesión minera,Secretaría de Economía,Open Organization Solutions S de RL de CV,2018,2024,1171.548,Hectáreas
498,Cerro 6 (223909),Inactivo,Concesión minera,Secretaría de Economía,Exploraciones Mineras Parreña SA de CV,2018,2024,60.2146,Hectáreas
499,Saracachi 2 (223812),Inactivo,Concesión minera,Secretaría de Economía,Open Organization Solutions S de RL de CV,2018,2024,4,Hectáreas
500,Saracachi 4 Fraccion I (223814),Inactivo,Concesión minera,Secretaría de Economía,Open Organization Solutions S de RL de CV,2018,2024,474.9026,Hectáreas
501,Saracachi 4 Fraccion II (223815),Inactivo,Concesión minera,Secretaría de Economía,Open Organization Solutions S de RL de CV,2018,2024,15.1186,Hectáreas
502,Saracachi 4-Bis (223816),Inactivo,Concesión minera,Secretaría de Economía,Open Organization Solutions S de RL de CV,2018,2024,391.9009,Hectáreas
503,Saracachi 4 Fracc I (223817),Inactivo,Concesión minera,Secretaría de Economía,Open Organization Solutions S de RL de CV,2018,2024,466.0487,Hectáreas
504,Saracachi 4 Fracc II (223818),Inactivo,Concesión minera,Secretaría de Economía,Open Organization Solutions S de RL de CV,2018,2024,17.7219,Hectáreas
505,Saracachi 4 Fracc III (223819),Inactivo,Concesión minera,Secretaría de Economía,Open Organization Solutions S de RL de CV,2018,2024,1.3397,Hectáreas
506,Saracachi 4 Fracc IV (223820),Inactivo,Concesión minera,Secretaría de Economía,Open Organization Solutions S de RL de CV,2018,2024,0.3186,Hectáreas
507,Abel (223480),Inactivo,Concesión minera,Secretaría de Economía,Open Organization Solutions S de RL de CV,2018,2024,1.3165,Hectáreas
508,Abel (223482),Inactivo,Concesión minera,Secretaría de Economía,Open Organization Solutions S de RL de CV,2018,2024,12.6917,Hectáreas
509,El Amol Fraccion I (223483),Inactivo,Concesión minera,Secretaría de Economía,Minera Mar de Plata,2018,2024,27.6935,Hectáreas
510,El Amol  Fraccion II (223484),Inactivo,Concesión minera,Secretaría de Economía,Minera Mar de Plata,2018,2024,17.6039,Hectáreas
511,Chico (223486),Inactivo,Concesión minera,Secretaría de Economía,Minera Vermillion,2018,2024,100,Hectáreas
512,Bellotita (223635),Inactivo,Concesión minera,Secretaría de Economía,Exploraciones Mineras Parreña SA de CV,2018,2024,106.315,Hectáreas
513,Cerro 3 (223638),Inactivo,Concesión minera,Secretaría de Economía,Exploraciones Mineras Parreña SA de CV,2018,2024,119,Hectáreas
514,Cerro 5 Fraccion 1 (223639),Inactivo,Concesión minera,Secretaría de Economía,Exploraciones Mineras Parreña SA de CV,2018,2024,37.6572,Hectáreas
515,Cerro 5 Fraccion 2 (223640),Inactivo,Concesión minera,Secretaría de Economía,Exploraciones Mineras Parreña SA de CV,2018,2024,58.7073,Hectáreas
516,Cerro 4 (223641),Inactivo,Concesión minera,Secretaría de Economía,Exploraciones Mineras Parreña SA de CV,2018,2024,120,Hectáreas
517,Norma (222408),Inactivo,Concesión minera,Secretaría de Economía,Open Organization Solutions S de RL de CV,2018,2024,176.2605,Hectáreas
518,Gateway (222804),Inactivo,Concesión minera,Secretaría de Economía,Minera Gateway,2018,2024,27.9274,Hectáreas
519,San Juan II (222952),Inactivo,Concesión minera,Secretaría de Economía,Minera Evrim SA de CV,2018,2024,10,Hectáreas
520,Picacho II (222789),Inactivo,Concesión minera,Secretaría de Economía,American Copper Mining,2018,2024,4.9217,Hectáreas
521,Marisol (222695),Inactivo,Concesión minera,Secretaría de Economía,Minera Vermillion,2018,2024,494,Hectáreas
522,Marisol (222705),Inactivo,Concesión minera,Secretaría de Economía,Minera Vermillion,2018,2024,414.8266,Hectáreas
523,El Purto Fraccion I (222405),Inactivo,Concesión minera,Secretaría de Economía,Open Organization Solutions S de RL de CV,2018,2024,52.9028,Hectáreas
524,La Providencia (222431),Inactivo,Concesión minera,Secretaría de Economía,Minera Vermillion,2018,2024,150,Hectáreas
525,El Purto (221948),Inactivo,Concesión minera,Secretaría de Economía,Open Organization Solutions S de RL de CV,2018,2024,92.3862,Hectáreas
526,El Purto (221950),Inactivo,Concesión minera,Secretaría de Economía,Open Organization Solutions S de RL de CV,2018,2024,134.0784,Hectáreas
527,Bueno 2 (221749),Inactivo,Concesión minera,Secretaría de Economía,Exploraciones Mineras Parreña SA de CV,2018,2024,50,Hectáreas
528,Abel (221476),Inactivo,Concesión minera,Secretaría de Economía,Open Organization Solutions S de RL de CV,2018,2024,29.9559,Hectáreas
529,El Rincon (221484),Inactivo,Concesión minera,Secretaría de Economía,Desarrollos Aribabi,2018,2024,100,Hectáreas
530,Sonora 90 (220443),Inactivo,Concesión minera,Secretaría de Economía,Exploraciones Mineras Parreña SA de CV,2018,2024,20,Hectáreas
531,La Segunda (220096),Inactivo,Concesión minera,Secretaría de Economía,Exploraciones Mineras Parreña SA de CV,2018,2024,81.1984,Hectáreas
532,San Manuel (220125),Inactivo,Concesión minera,Secretaría de Economía,Minera Mar de Plata,2018,2024,83,Hectáreas
533,El Bueno (219686),Inactivo,Concesión minera,Secretaría de Economía,Exploraciones Mineras Parreña SA de CV,2018,2024,97.0251,Hectáreas
534,Piedra (218058),Inactivo,Concesión minera,Secretaría de Economía,Exploraciones Mineras Parreña SA de CV,2018,2024,377.0236,Hectáreas
535,Davegu II (216548),Inactivo,Concesión minera,Secretaría de Economía,Minera Gateway,2018,2024,50,Hectáreas
536,El Puente (215847),Inactivo,Concesión minera,Secretaría de Economía,Exploraciones Mineras Parreña SA de CV,2018,2024,154,Hectáreas
537,Bambolla (215690),Inactivo,Concesión minera,Secretaría de Economía,Minera Teloro,2018,2024,26.5085,Hectáreas
538,Dos Amigos (215696),Inactivo,Concesión minera,Secretaría de Economía,Exploraciones Mineras Parreña SA de CV,2018,2024,81,Hectáreas
539,Providencia (215697),Inactivo,Concesión minera,Secretaría de Economía,Exploraciones Mineras Parreña SA de CV,2018,2024,9,Hectáreas
540,La Labor (215786),Inactivo,Concesión minera,Secretaría de Economía,Minera Auricup S de RL de CV,2018,2024,60,Hectáreas
541,El Real 1 (215243),Inactivo,Concesión minera,Secretaría de Economía,Minera Meridian Minerales S de RL de CV,2018,2024,125.8333,Hectáreas
542,El Real 2 (215244),Inactivo,Concesión minera,Secretaría de Economía,Minera Meridian Minerales S de RL de CV,2018,2024,487.6264,Hectáreas
543,El Tucabe 3 (215246),Inactivo,Concesión minera,Secretaría de Economía,Minera Meridian Minerales S de RL de CV,2018,2024,109.225,Hectáreas
544,Poche (214728),Inactivo,Concesión minera,Secretaría de Economía,Mexicana De Cobre SA de CV,2018,2024,2502.7707,Hectáreas
545,La Villa 3 Fracc I (214729),Inactivo,Concesión minera,Secretaría de Economía,Mexicana De Cobre SA de CV,2018,2024,9855.7401,Hectáreas
546,La Villa 3 Fracc II (214730),Inactivo,Concesión minera,Secretaría de Economía,Mexicana De Cobre SA de CV,2018,2024,63.3543,Hectáreas
547,Purica Fracc 2 (213686),Inactivo,Concesión minera,Secretaría de Economía,Mexicana De Cobre SA de CV,2018,2024,30.2811,Hectáreas
548,El Oro Real Fracc I (213718),Inactivo,Concesión minera,Secretaría de Economía,Minera Meridian Minerales S de RL de CV,2018,2024,497.341,Hectáreas
549,El Oro Real Fracc II (213719),Inactivo,Concesión minera,Secretaría de Economía,Minera Meridian Minerales S de RL de CV,2018,2024,3.6784,Hectáreas
550,El Oro Real Fracc III (213720),Inactivo,Concesión minera,Secretaría de Economía,Minera Meridian Minerales S de RL de CV,2018,2024,4.1211,Hectáreas
551,Sonora 69 (213634),Inactivo,Concesión minera,Secretaría de Economía,Exploraciones Mineras Parreña SA de CV,2018,2024,118.3549,Hectáreas
552,Argonauta (213646),Inactivo,Concesión minera,Secretaría de Economía,Minera Meridian Minerales S de RL de CV,2018,2024,390.7005,Hectáreas
553,Archipielago (213516),Inactivo,Concesión minera,Secretaría de Economía,Minera Maria SA de CV ,2018,2024,244.3478,Hectáreas
554,Mariana (213353),Inactivo,Concesión minera,Secretaría de Economía,Desarrollos Mineros El Aguila,2018,2024,7.0612,Hectáreas
555,La Turmalina (213083),Inactivo,Concesión minera,Secretaría de Economía,Minera Pecobre SA de CV,2018,2024,400,Hectáreas
556,Santa Fe (213027),Inactivo,Concesión minera,Secretaría de Economía,Exploraciones Mineras Parreña SA de CV,2018,2024,102,Hectáreas
557,Nuevo Lupena (212971),Inactivo,Concesión minera,Secretaría de Economía,Compañia Minera La Llamarada SA de CV,2018,2024,13.083,Hectáreas
558,Sonora 35 (212787),Inactivo,Concesión minera,Secretaría de Economía,Exploraciones Mineras Parreña SA de CV,2018,2024,248.9768,Hectáreas
559,Los Jucaros 2 (212848),Inactivo,Concesión minera,Secretaría de Economía,Mexicana De Cobre SA de CV,2018,2024,1016.6524,Hectáreas
560,El Sol (210898),Inactivo,Concesión minera,Secretaría de Economía,Minera Meridian Minerales S de RL de CV,2018,2024,200.7339,Hectáreas
561,Argonauta (212480),Inactivo,Concesión minera,Secretaría de Economía,Minera Meridian Minerales S de RL de CV,2018,2024,7.7061,Hectáreas
562,Hueco Milpa (211657),Inactivo,Concesión minera,Secretaría de Economía,Exploraciones Mineras Parreña SA de CV,2018,2024,4.3693,Hectáreas
563,Maria 48 (223838),Inactivo,Concesión minera,Secretaría de Economía,Minera Teck SA de CV,2018,2024,320.847,Hectáreas
564,El Encinal (223473),Inactivo,Concesión minera,Secretaría de Economía,Minera Piedra Azul SA de CV,2018,2024,620,Hectáreas
565,Cerro 2 (223636),Inactivo,Concesión minera,Secretaría de Economía,Exploraciones Mineras Parreña SA de CV,2018,2024,9,Hectáreas
566,Cerro (223637),Inactivo,Concesión minera,Secretaría de Economía,Exploraciones Mineras Parreña SA de CV,2018,2024,28.9441,Hectáreas
567,Cerro 7 (223642),Inactivo,Concesión minera,Secretaría de Economía,Exploraciones Mineras Parreña SA de CV,2018,2024,126.6699,Hectáreas
568,Abel Fracc I (223233),Inactivo,Concesión minera,Secretaría de Economía,Open Organization Solutions S de RL de CV,2018,2024,235.7601,Hectáreas
569,Abel Fracc II (223234),Inactivo,Concesión minera,Secretaría de Economía,Open Organization Solutions S de RL de CV,2018,2024,0.2304,Hectáreas
570,Real De Cananea (222691),Inactivo,Concesión minera,Secretaría de Economía,Minera Zampano S de RL de CV,2018,2024,181.5,Hectáreas
571,Abel (222404),Inactivo,Concesión minera,Secretaría de Economía,Open Organization Solutions S de RL de CV,2018,2024,186.6519,Hectáreas
572,La Calma (221119),Inactivo,Concesión minera,Secretaría de Economía,Minera Evrim SA de CV,2018,2024,150,Hectáreas
573,La Luna # 4 (220937),Inactivo,Concesión minera,Secretaría de Economía,Minas del Rio Sonora SA de CV,2018,2024,147.5523,Hectáreas
574,El Gato (220108),Inactivo,Concesión minera,Secretaría de Economía,Exploraciones Mineras Parreña SA de CV,2018,2024,399,Hectáreas
575,San Francisco (219090),Inactivo,Concesión minera,Secretaría de Economía,Mexicana De Cobre SA de CV,2018,2024,18,Hectáreas
576,Picacho II (218818),Inactivo,Concesión minera,Secretaría de Economía,American Copper Mining,2018,2024,448.5564,Hectáreas
577,La Villa 4 (216616),Inactivo,Concesión minera,Secretaría de Economía,Mexicana De Cobre SA de CV,2018,2024,832,Hectáreas
578,Sonora 85 (216258),Inactivo,Concesión minera,Secretaría de Economía,Exploraciones Mineras Parreña SA de CV,2018,2024,346.2121,Hectáreas
579,Delia (215938),Inactivo,Concesión minera,Secretaría de Economía,Mexicana De Cobre SA de CV,2018,2024,604,Hectáreas
580,Mariana 2 (215898),Inactivo,Concesión minera,Secretaría de Economía,Desarrollos Mineros El Aguila,2018,2024,91.7344,Hectáreas
581,Yaqui (215673),Inactivo,Concesión minera,Secretaría de Economía,Minera Gateway,2018,2024,374.6587,Hectáreas
582,Diana 2 (215123),Inactivo,Concesión minera,Secretaría de Economía,Mexicana De Cobre SA de CV,2018,2024,200,Hectáreas
583,Mis Recuerdos (214776),Inactivo,Concesión minera,Secretaría de Economía,American Copper Mining,2018,2024,2.1708,Hectáreas
584,Diana (213683),Inactivo,Concesión minera,Secretaría de Economía,Mexicana De Cobre SA de CV,2018,2024,512.7351,Hectáreas
585,La Villa 2 (213168),Inactivo,Concesión minera,Secretaría de Economía,Mexicana De Cobre SA de CV,2018,2024,120,Hectáreas
586,Sonora 60 (213007),Inactivo,Concesión minera,Secretaría de Economía,Exploraciones Mineras Parreña SA de CV,2018,2024,196,Hectáreas
587,Tavane (212935),Inactivo,Concesión minera,Secretaría de Economía,Minera Maria SA de CV ,2018,2024,59.674,Hectáreas
588,Carolina (201302),Inactivo,Concesión minera,Secretaría de Economía,Compañia Minera Zapata,2018,2024,2042,Hectáreas
589,Cobriza (200164),Inactivo,Concesión minera,Secretaría de Economía,Flobarco,2018,2024,4550,Hectáreas
590,Flobar (200173),Inactivo,Concesión minera,Secretaría de Economía,Flobarco,2018,2024,1950,Hectáreas
591,El Bervano Fraccion 1 (212027),Inactivo,Concesión minera,Secretaría de Economía,Grupo Bareyo SA de CV,2018,2024,53.4183,Hectáreas
592,La Estrella # 2 (206774),Inactivo,Concesión minera,Secretaría de Economía,Compañia Minera Framor,2018,2024,112,Hectáreas
593,La Estrella (206669),Inactivo,Concesión minera,Secretaría de Economía,Compañia Minera Framor,2018,2024,90,Hectáreas
594,La Virgen Mhm (233102),Inactivo,Concesión minera,Secretaría de Economía,Minera Hochschild Mexico SA de CV,2018,2024,1217.2847,Hectáreas
595,Cerro 8 (233281),Inactivo,Concesión minera,Secretaría de Economía,Minas Peñoles SA de CV,2018,2024,10,Hectáreas
596,Ampliacion Las Lamas (214443),Inactivo,Concesión minera,Secretaría de Economía,Minera Hochschild Mexico SA de CV,2018,2024,131.7133,Hectáreas
597,Santa Cecilia (234353),Inactivo,Concesión minera,Secretaría de Economía,Minera Auricup S de RL de CV,2018,2024,85.9101,Hectáreas
598,Sierra Pinta IV Fracc 1 (234888),Inactivo,Concesión minera,Secretaría de Economía,Minera Auricup S de RL de CV,2018,2024,4431.8035,Hectáreas
599,Sierra Pinta V (234889),Inactivo,Concesión minera,Secretaría de Economía,Minera Auricup S de RL de CV,2018,2024,657.6027,Hectáreas
600,Sierra Pinta Iv Fracc 2 (234890),Inactivo,Concesión minera,Secretaría de Economía,Minera Auricup S de RL de CV,2018,2024,191.8597,Hectáreas
601,Gachi  2 Fracc 1 (235256),Inactivo,Concesión minera,Secretaría de Economía,Nusantara de Mexico SA de CV,2018,2024,46222.3454,Hectáreas
602,Gachi 2 Fracc 2 (235257),Inactivo,Concesión minera,Secretaría de Economía,Nusantara de Mexico SA de CV,2018,2024,141.8638,Hectáreas
603,Gachi 2 Fracc 3 (235258),Inactivo,Concesión minera,Secretaría de Economía,Nusantara de Mexico SA de CV,2018,2024,193.1168,Hectáreas
604,Hernandez Fracc I (235296),Inactivo,Concesión minera,Secretaría de Economía,Compañia Minera Dolores,2018,2024,2613.6483,Hectáreas
605,Hernandez Fracc 2 (235297),Inactivo,Concesión minera,Secretaría de Economía,Compañia Minera Dolores,2018,2024,25,Hectáreas
606,Hernandez Fracc 3 (235298),Inactivo,Concesión minera,Secretaría de Economía,Compañia Minera Dolores,2018,2024,60,Hectáreas
607,Hernandez Fracc 4 (235299),Inactivo,Concesión minera,Secretaría de Economía,Compañia Minera Dolores,2018,2024,14,Hectáreas
608,Hernandez Fracc 5 (235300),Inactivo,Concesión minera,Secretaría de Economía,Compañia Minera Dolores,2018,2024,50,Hectáreas
609,Hernandez 2 (235303),Inactivo,Concesión minera,Secretaría de Economía,Compañia Minera Dolores,2018,2024,3027.0065,Hectáreas
610,Laura (235370),Inactivo,Concesión minera,Secretaría de Economía,Compañia Minera Dolores,2018,2024,12.8,Hectáreas
611,La Higuerita 1 (235518),Inactivo,Concesión minera,Secretaría de Economía,Minera Teck SA de CV,2018,2024,139526.8023,Hectáreas
612,El Ermitaðo 2 (235605),Inactivo,Concesión minera,Secretaría de Economía,Minera Evrim SA de CV,2018,2024,4259.226,Hectáreas
613,Piedra 2 (235989),Inactivo,Concesión minera,Secretaría de Economía,Exploraciones Mineras Parreña SA de CV,2018,2024,231.1005,Hectáreas
614,La Higuerita 2 (236065),Inactivo,Concesión minera,Secretaría de Economía,Minera Teck SA de CV,2018,2024,2950,Hectáreas
615,La Higuerita 3 (236066),Inactivo,Concesión minera,Secretaría de Economía,Minera Teck SA de CV,2018,2024,3226.9425,Hectáreas
616,San Antonio 3 (236106),Inactivo,Concesión minera,Secretaría de Economía,Minera Genminmex SA de CV,2018,2024,63.6158,Hectáreas
617,Los Amoles 2 (236113),Inactivo,Concesión minera,Secretaría de Economía,Minera Los Amoles SA de CV,2018,2024,1504.8583,Hectáreas
618,Argonauta 6 (236194),Inactivo,Concesión minera,Secretaría de Economía,Minas De Oroco Resources,2018,2024,4223.861,Hectáreas
619,Calerita 3 (236227),Inactivo,Concesión minera,Secretaría de Economía,Desarrollos Mineros El Aguila,2018,2024,19.5666,Hectáreas
620,Calerita 2 Fracc 1 (236229),Inactivo,Concesión minera,Secretaría de Economía,Desarrollos Mineros El Aguila,2018,2024,48.1491,Hectáreas
621,Calerita 2 Fracc 2 (236230),Inactivo,Concesión minera,Secretaría de Economía,Desarrollos Mineros El Aguila,2018,2024,27.9564,Hectáreas
622,Calerita 2 Fracc 3 (236231),Inactivo,Concesión minera,Secretaría de Economía,Desarrollos Mineros El Aguila,2018,2024,38.3365,Hectáreas
623,Maty 1 Fracc III (236439),Inactivo,Concesión minera,Secretaría de Economía,Minera Inmet Mexico SA de CV,2018,2024,1693.576,Hectáreas
624,La Higuerita 4 (236440),Inactivo,Concesión minera,Secretaría de Economía,Recursos Millrock S de RL de CV,2018,2024,6.4767,Hectáreas
625,Babi (236794),Inactivo,Concesión minera,Secretaría de Economía,Minera Inmet Mexico SA de CV,2018,2024,1049.161,Hectáreas
626,El Chuqui (236976),Inactivo,Concesión minera,Secretaría de Economía,Open Organization Solutions S de RL de CV,2018,2024,11.1296,Hectáreas
627,Buena Vista (237149),Inactivo,Concesión minera,Secretaría de Economía,Open Organization Solutions S de RL de CV,2018,2024,4.9446,Hectáreas
628,Calerita 2 (237154),Inactivo,Concesión minera,Secretaría de Economía,Minera Mexital SA de CV,2018,2024,10,Hectáreas
629,Carolina (237937),Inactivo,Concesión minera,Secretaría de Economía,Exploraciones Mineras Parreña SA de CV,2018,2024,882.5435,Hectáreas
630,Mexus (238098),Inactivo,Concesión minera,Secretaría de Economía,Mexus Gold Mining SA de CV,2018,2024,2645.7554,Hectáreas
631,El Nido (238157),Inactivo,Concesión minera,Secretaría de Economía,Minera Teck SA de CV,2018,2024,2117.142,Hectáreas
632,Argonauta 8 (238166),Inactivo,Concesión minera,Secretaría de Economía,Minera Meridian Minerales S de RL de CV,2018,2024,1173.3752,Hectáreas
633,Argonauta 9 F - 1 (238167),Inactivo,Concesión minera,Secretaría de Economía,Minera Meridian Minerales S de RL de CV,2018,2024,338.2361,Hectáreas
634,Argonauta 9 F - 2 (238168),Inactivo,Concesión minera,Secretaría de Economía,Minera Meridian Minerales S de RL de CV,2018,2024,66.6451,Hectáreas
635,Bueno 3 (238388),Inactivo,Concesión minera,Secretaría de Economía,Exploraciones Mineras Parreña SA de CV,2018,2024,80,Hectáreas
636,La Centella 2 (238397),Inactivo,Concesión minera,Secretaría de Economía,Minera Cascabel SA de CV ,2018,2024,20,Hectáreas
637,Ures (238538),Inactivo,Concesión minera,Secretaría de Economía,Exploraciones Mineras Parreña SA de CV,2018,2024,507.0223,Hectáreas
638,Unificacion Pilares (238658),Inactivo,Concesión minera,Secretaría de Economía,Minera Pilares SA de CV ,2018,2024,145.3052,Hectáreas
639,Los Amoles 3 Fracc I (238985),Inactivo,Concesión minera,Secretaría de Economía,Minera Los Amoles SA de CV,2018,2024,661.2671,Hectáreas
640,Los Amoles 3 Fracc II (238986),Inactivo,Concesión minera,Secretaría de Economía,Minera Alta Vista,2018,2024,95.0218,Hectáreas
641,El Master (239175),Inactivo,Concesión minera,Secretaría de Economía,Minera Mexital SA de CV,2018,2024,6.6276,Hectáreas
642,Morelos 3 (239328),Inactivo,Concesión minera,Secretaría de Economía,Solitario Mexico,2018,2024,172.7287,Hectáreas
643,Morelos 3 (239347),Inactivo,Concesión minera,Secretaría de Economía,Solitario Mexico,2018,2024,140.4166,Hectáreas
644,Salsipuedes-2 (239357),Inactivo,Concesión minera,Secretaría de Economía,Buenavista del Cobre SA de CV,2018,2024,5704.3896,Hectáreas
645,Calerita 5 (239383),Inactivo,Concesión minera,Secretaría de Economía,Desarrollos Mineros El Aguila,2018,2024,0.1009,Hectáreas
646,Morelos 3 (239419),Inactivo,Concesión minera,Secretaría de Economía,Solitario Mexico,2018,2024,172.7984,Hectáreas
647,Morelos 3 (239447),Inactivo,Concesión minera,Secretaría de Economía,Solitario Mexico,2018,2024,117.6801,Hectáreas
648,Bei Chen (239526),Inactivo,Concesión minera,Secretaría de Economía,New Best International Mining Investment Group,2018,2024,3900.9559,Hectáreas
649,Don Gu (239556),Inactivo,Concesión minera,Secretaría de Economía,New Best International Mining Investment Group,2018,2024,4854.0199,Hectáreas
650,Salsipuedes 3 (239729),Inactivo,Concesión minera,Secretaría de Economía,Buenavista del Cobre SA de CV,2018,2024,23929.2561,Hectáreas
651,Azul 3 (239884),Inactivo,Concesión minera,Secretaría de Economía,Buenavista del Cobre SA de CV,2018,2024,16896.3311,Hectáreas
652,El Represo (239905),Inactivo,Concesión minera,Secretaría de Economía,Mexicana De Cobre SA de CV,2018,2024,2786.2291,Hectáreas
653,Sonora 9 Fracc 2 (239908),Inactivo,Concesión minera,Secretaría de Economía,Solitario Mexico,2018,2024,846.9234,Hectáreas
654,Churunibabi (239909),Inactivo,Concesión minera,Secretaría de Economía,Exploraciones Mineras Parreña SA de CV,2018,2024,1797.6757,Hectáreas
655,Santo Verde I Fraccion 1 (239964),Inactivo,Concesión minera,Secretaría de Economía,Exploraciones Mineras Parreña SA de CV,2018,2024,1633.7115,Hectáreas
656,Santo Verde I Fraccion 2 (239965),Inactivo,Concesión minera,Secretaría de Economía,Exploraciones Mineras Parreña SA de CV,2018,2024,327.6248,Hectáreas
657,Santo Verde I Fraccion 3 (239966),Inactivo,Concesión minera,Secretaría de Economía,Exploraciones Mineras Parreña SA de CV,2018,2024,1189.5764,Hectáreas
658,La Caridad-8 Fraccion 1 (240048),Inactivo,Concesión minera,Secretaría de Economía,Mexicana De Cobre SA de CV,2018,2024,7970.4923,Hectáreas
659,La Caridad-8 Fraccion 2 (240049),Inactivo,Concesión minera,Secretaría de Economía,Mexicana De Cobre SA de CV,2018,2024,11.6137,Hectáreas
660,Calerita 4 Fraccion 2 (240359),Inactivo,Concesión minera,Secretaría de Economía,Desarrollos Mineros El Aguila,2018,2024,12.3311,Hectáreas
661,Da Gang Fracc 2 (240407),Inactivo,Concesión minera,Secretaría de Economía,New Best International Mining Investment Group,2018,2024,12.7763,Hectáreas
662,Alamo (240769),Inactivo,Concesión minera,Secretaría de Economía,Exploraciones Mineras Parreña SA de CV,2018,2024,725,Hectáreas
663,Piedra 1 (240788),Inactivo,Concesión minera,Secretaría de Economía,Solitario Mexico,2018,2024,400,Hectáreas
664,Piedra 3 (240796),Inactivo,Concesión minera,Secretaría de Economía,Exploraciones Mineras Parreña SA de CV,2018,2024,1230,Hectáreas
665,Wu Qing (240814),Inactivo,Concesión minera,Secretaría de Economía,New Best International Mining Investment Group,2018,2024,10172.5964,Hectáreas
666,Cuitaca 19 (241015),Inactivo,Concesión minera,Secretaría de Economía,Exploraciones Mineras Parreña SA de CV,2018,2024,597.3199,Hectáreas
667,La Loma (241198),Inactivo,Concesión minera,Secretaría de Economía,Coanzamex Servicios SA de CV,2018,2024,40,Hectáreas
668,Toro Sur (241210),Inactivo,Concesión minera,Secretaría de Economía,Exploraciones Mineras Parreña SA de CV,2018,2024,1488.3832,Hectáreas
669,Da Gang Fracc 1 (241336),Inactivo,Concesión minera,Secretaría de Economía,New Best International Mining Investment Group,2018,2024,9487.6903,Hectáreas
670,Chuqu+ 3 (241116),Inactivo,Concesión minera,Secretaría de Economía,Coanzamex Servicios SA de CV,2018,2024,14164.9163,Hectáreas
671,Zacaton 4 (242087),Inactivo,Concesión minera,Secretaría de Economía,Exploraciones Mineras Parreña SA de CV,2018,2024,2546,Hectáreas
672,La Centella 3 (242107),Inactivo,Concesión minera,Secretaría de Economía,Minera Cascabel SA de CV ,2018,2024,2474.974,Hectáreas
673,Coyotes (242242),Inactivo,Concesión minera,Secretaría de Economía,Solitario Mexico,2018,2024,108,Hectáreas
674,Coyotes (242243),Inactivo,Concesión minera,Secretaría de Economía,Solitario Mexico,2018,2024,108,Hectáreas
675,Coyotes (242244),Inactivo,Concesión minera,Secretaría de Economía,Solitario Mexico,2018,2024,108,Hectáreas
676,Coyotes (242245),Inactivo,Concesión minera,Secretaría de Economía,Solitario Mexico,2018,2024,108,Hectáreas
677,Llano Del Nogal Fracc 3 (242247),Inactivo,Concesión minera,Secretaría de Economía,Recursos Millrock S de RL de CV,2018,2024,36.3295,Hectáreas
678,Llano Del Nogal Fracc 2 (242248),Inactivo,Concesión minera,Secretaría de Economía,Recursos Millrock S de RL de CV,2018,2024,24.4081,Hectáreas
679,Coyotes (242249),Inactivo,Concesión minera,Secretaría de Economía,Solitario Mexico,2018,2024,17.6129,Hectáreas
680,Llano Del Nogal Fracc 4 (242250),Inactivo,Concesión minera,Secretaría de Economía,Recursos Millrock S de RL de CV,2018,2024,4.0764,Hectáreas
681,Llano Del Nogal Fracc II (242252),Inactivo,Concesión minera,Secretaría de Economía,Minera Evrim SA de CV,2018,2024,4305.5083,Hectáreas
682,Coyotes (242253),Inactivo,Concesión minera,Secretaría de Economía,Solitario Mexico,2018,2024,151,Hectáreas
683,Llano Del Nogal Fracc 1 (242254),Inactivo,Concesión minera,Secretaría de Economía,Recursos Millrock S de RL de CV,2018,2024,8.8236,Hectáreas
684,Zacaton 5 (242349),Inactivo,Concesión minera,Secretaría de Economía,Exploraciones Mineras Parreña SA de CV,2018,2024,2497.5992,Hectáreas
685,Jirahuito (242385),Inactivo,Concesión minera,Secretaría de Economía,Minera Lear del Desierto SA de CV,2018,2024,60,Hectáreas
686,Los Amoles 4 (242487),Inactivo,Concesión minera,Secretaría de Economía,Minera Alta Vista,2018,2024,12.1321,Hectáreas
687,Ave Fenix (243027),Inactivo,Concesión minera,Secretaría de Economía,Trinidad Pacifica S de RL de CV,2018,2024,349.9713,Hectáreas
688,Morelos 4 (243189),Inactivo,Concesión minera,Secretaría de Economía,Solitario Mexico,2018,2024,183.9987,Hectáreas
689,Tacuba 2 (243253),Inactivo,Concesión minera,Secretaría de Economía,Minera Meridian Minerales S de RL de CV,2018,2024,1398.6047,Hectáreas
690,La Palma (243495),Inactivo,Concesión minera,Secretaría de Economía,Solitario Mexico,2018,2024,100,Hectáreas
691,La Rosalia (243541),Inactivo,Concesión minera,Secretaría de Economía,Minera Auricup S de RL de CV,2018,2024,1924.3997,Hectáreas
692,La Palma (243542),Inactivo,Concesión minera,Secretaría de Economía,Solitario Mexico,2018,2024,354.7071,Hectáreas
693,El Salto (243669),Inactivo,Concesión minera,Secretaría de Economía,Nusantara de Mexico SA de CV,2018,2024,1645.3935,Hectáreas
694,Shu Yang (243719),Inactivo,Concesión minera,Secretaría de Economía,New Best International Mining Investment Group,2018,2024,6666.0206,Hectáreas
695,Washington U (243816),Inactivo,Concesión minera,Secretaría de Economía,Exploraciones Mineras Parreña SA de CV,2018,2024,1219.2307,Hectáreas
696,Morelos 2 (243842),Inactivo,Concesión minera,Secretaría de Economía,Solitario Mexico,2018,2024,11002,Hectáreas
697,Rio Sonora 2 (243982),Inactivo,Concesión minera,Secretaría de Economía,Recursos Millrock S de RL de CV,2018,2024,4766.7244,Hectáreas
698,Chuqui 6 (243987),Inactivo,Concesión minera,Secretaría de Economía,Coanzamex Servicios SA de CV,2018,2024,6921.6625,Hectáreas
699,Rio Sonora 7 (244052),Inactivo,Concesión minera,Secretaría de Economía,Recursos Millrock S de RL de CV,2018,2024,3344.2948,Hectáreas
700,Reduccion La Espera (243885),Inactivo,Concesión minera,Secretaría de Economía,Minera Meridian Minerales S de RL de CV,2018,2024,481,Hectáreas
701,Morelos 2 (243924),Inactivo,Concesión minera,Secretaría de Economía,Solitario Mexico,2018,2024,7660,Hectáreas
702,Sonora 9 F 1 (243927),Inactivo,Concesión minera,Secretaría de Economía,Solitario Mexico,2018,2024,5245,Hectáreas
703,Tacuba (244214),Inactivo,Concesión minera,Secretaría de Economía,Minera Meridian Minerales S de RL de CV,2018,2024,99.0807,Hectáreas
704,Pinocho (221949),Inactivo,Concesión minera,Secretaría de Economía,Open Organization Solutions S de RL de CV,2018,2024,299.2412,Hectáreas
705,Tacuba 1 (244258),Inactivo,Concesión minera,Secretaría de Economía,Minera Meridian Minerales S de RL de CV,2018,2024,3174.2856,Hectáreas
706,El Salto  1 Fracc 1 (244393),Inactivo,Concesión minera,Secretaría de Economía,Nusantara de Mexico SA de CV,2018,2024,4120.2152,Hectáreas
707,El Salto  1 Fracc 2 (244394),Inactivo,Concesión minera,Secretaría de Economía,Nusantara de Mexico SA de CV,2018,2024,534.5163,Hectáreas
708,La Palma (244477),Inactivo,Concesión minera,Secretaría de Economía,Solitario Mexico,2018,2024,96.2294,Hectáreas
709,Morelos 4 (244667),Inactivo,Concesión minera,Secretaría de Economía,Solitario Mexico,2018,2024,4.0754,Hectáreas
710,El Pima (245256),Inactivo,Concesión minera,Secretaría de Economía,Recursos Millrock S de RL de CV,2018,2024,70,Hectáreas
711,Ariel (245325),Inactivo,Concesión minera,Secretaría de Economía,Rrm Minas S de Rl de CV ,2018,2024,1241.9808,Hectáreas
712,Calerita 4 Fraccion 1 R-1 (245348),Inactivo,Concesión minera,Secretaría de Economía,Desarrollos Mineros El Aguila,2018,2024,675.1591,Hectáreas
713,La Palma (245145),Inactivo,Concesión minera,Secretaría de Economía,Solitario Mexico,2018,2024,100,Hectáreas
714,Llano Del Nogal Fracc I (245917),Inactivo,Concesión minera,Secretaría de Economía,Minera Evrim SA de CV,2018,2024,3774.3543,Hectáreas
715,El Valle 1 (245668),Inactivo,Concesión minera,Secretaría de Economía,Recursos Millrock S de RL de CV,2018,2024,338.85,Hectáreas
716,Calerita R-1 (245762),Inactivo,Concesión minera,Secretaría de Economía,Desarrollos Mineros El Aguila,2018,2024,1098,Hectáreas
717,Bacoachi (245646),Inactivo,Concesión minera,Secretaría de Economía,Riverside Resources Mexico SA de CV,2018,2024,1857.9567,Hectáreas
718,Zacaton U (245727),Inactivo,Concesión minera,Secretaría de Economía,Exploraciones Mineras Parreña SA de CV,2018,2024,1200,Hectáreas
719,Rey Tercero U (245470),Inactivo,Concesión minera,Secretaría de Economía,Exploraciones Mineras Parreña SA de CV,2018,2024,1423.599,Hectáreas
720,El Toro (245558),Inactivo,Concesión minera,Secretaría de Economía,Recursos Millrock S de RL de CV,2018,2024,190.0806,Hectáreas
721,Las Chispas 3-A (245423),Inactivo,Concesión minera,Secretaría de Economía,Compañia Minera La Llamarada SA de CV,2018,2024,1.0809,Hectáreas
722,Las Chispas 3-B (245424),Inactivo,Concesión minera,Secretaría de Economía,Compañia Minera La Llamarada SA de CV,2018,2024,0.3879,Hectáreas
723,Las Chispas 3-C (245425),Inactivo,Concesión minera,Secretaría de Economía,Compañia Minera La Llamarada SA de CV,2018,2024,0.3413,Hectáreas
724,Las Chispas 3-D (245426),Inactivo,Concesión minera,Secretaría de Economía,Compañia Minera La Llamarada SA de CV,2018,2024,0.3359,Hectáreas
725,Las Chispas 3-E (245427),Inactivo,Concesión minera,Secretaría de Economía,Compañia Minera La Llamarada SA de CV,2018,2024,0.4241,Hectáreas
726,Las Chispas 3-F (245428),Inactivo,Concesión minera,Secretaría de Economía,Compañia Minera La Llamarada SA de CV,2018,2024,5.6112,Hectáreas
727,El Hipo Fraccion II (221920),Inactivo,Concesión minera,Secretaría de Economía,Minera Meridian Minerales S de RL de CV,2018,2024,3.0941,Hectáreas
